,week,day,time_of_day,class_type,faculty,school,joint,status,degree,enrollment,class_duration
0,8,2,2,0,2,16,0,4,2,452,1
1,2,4,2,0,5,8,0,4,2,447,1
2,8,2,0,0,5,15,0,4,2,419,1
3,2,3,2,0,5,8,0,4,2,381,2
4,2,3,1,0,2,16,0,4,2,459,2
5,9,2,0,0,5,15,0,4,2,419,1
6,9,0,2,0,5,15,0,4,2,419,1
7,8,3,1,0,2,16,0,4,2,459,2
8,2,3,2,0,2,16,0,4,2,452,2
9,4,4,1,0,5,28,0,2,2,385,1
10,3,2,1,0,5,28,0,2,2,385,1
11,4,4,2,0,5,8,0,4,2,447,1
12,4,4,3,0,6,22,0,4,0,62,1
13,2,4,1,0,6,12,0,4,2,381,2
14,2,2,0,0,5,15,0,4,2,419,1
15,2,2,0,0,0,29,0,4,2,354,2
16,11,4,1,0,6,12,0,4,2,381,2
17,11,4,2,0,5,8,0,4,2,447,1
18,4,4,1,0,6,12,0,4,2,381,2
19,4,4,0,0,5,28,0,4,2,403,1
20,4,3,0,0,6,11,0,4,2,366,2
21,9,4,2,0,5,8,0,4,2,447,1
22,9,4,0,0,2,16,0,4,2,457,1
23,2,4,0,0,5,15,0,4,2,386,1
24,4,1,3,0,6,22,0,4,0,42,1
25,4,1,0,0,5,28,0,4,2,403,1
26,4,3,1,0,2,16,0,4,2,459,2
27,4,3,2,0,2,16,0,4,2,452,2
28,12,1,0,0,2,17,0,4,2,424,2
29,9,4,2,0,2,16,0,4,2,409,2
30,2,4,0,0,2,16,0,4,2,457,1
31,2,4,2,0,2,16,0,4,2,409,2
32,6,1,2,0,2,16,0,4,2,457,2
33,9,0,0,0,5,15,0,4,2,386,1
34,8,2,0,0,5,8,0,4,2,447,1
35,11,1,0,0,5,28,0,4,2,403,1
36,10,1,2,0,2,16,0,4,2,457,2
37,3,1,2,0,5,15,0,4,2,419,1
38,4,4,0,0,5,15,0,4,2,386,1
39,1,2,0,0,0,29,0,4,2,354,2
40,1,2,2,0,2,16,0,4,2,409,1
41,3,2,2,0,5,28,0,2,2,271,1
42,8,3,0,0,6,11,0,4,2,366,2
43,1,2,1,0,5,28,0,2,2,385,1
44,5,0,0,0,5,15,0,4,2,386,1
45,7,2,2,0,5,28,0,2,2,271,1
46,7,2,1,0,5,28,0,2,2,385,1
47,2,3,0,0,6,11,0,4,2,366,2
48,5,2,2,0,5,28,0,2,2,271,1
49,2,2,2,0,2,16,0,4,2,452,1
50,2,4,1,0,5,28,0,2,2,385,1
51,1,2,2,0,2,16,0,4,2,452,1
52,9,2,2,0,2,16,0,4,2,409,1
53,3,2,0,0,5,8,0,4,2,447,1
54,10,1,1,0,2,17,0,4,0,320,1
55,3,0,0,0,5,15,0,4,2,386,1
56,1,2,0,0,5,8,0,4,2,447,1
57,10,1,0,0,2,17,0,4,2,424,2
58,11,2,0,0,0,29,0,4,2,354,2
59,11,3,1,0,2,16,0,4,2,459,2
60,9,2,1,0,6,7,1,2,2,304,1
61,9,2,0,0,5,8,0,4,2,447,1
62,11,3,2,0,2,16,0,4,2,452,2
63,4,4,0,0,2,16,0,4,2,457,1
64,2,4,0,0,5,28,0,4,2,403,1
65,1,2,1,0,6,7,1,2,2,304,1
66,8,2,2,0,2,16,0,4,2,409,1
67,5,0,2,0,5,8,0,4,2,291,2
68,1,2,2,0,5,28,0,2,2,271,1
69,3,2,2,0,2,16,0,4,2,452,1
70,6,1,1,0,2,17,0,4,0,320,1
71,6,1,1,0,2,16,1,4,2,447,2
72,11,2,0,0,5,15,0,4,2,419,1
73,4,1,2,0,2,16,0,4,2,457,2
74,5,2,0,0,5,8,0,4,2,447,1
75,9,3,2,0,5,8,0,4,2,381,2
76,8,4,0,0,5,28,0,4,2,403,1
77,8,2,1,0,6,7,1,2,2,304,1
78,3,0,2,0,5,15,0,4,2,419,1
79,3,2,2,0,2,16,0,4,2,409,1
80,8,0,2,0,5,15,0,4,2,419,1
81,10,1,2,0,5,15,0,4,2,419,1
82,4,1,1,0,2,16,1,4,2,447,2
83,1,4,1,0,5,28,0,2,2,385,1
84,8,0,2,0,5,8,0,4,2,291,2
85,6,4,0,0,5,28,0,4,2,403,1
86,9,0,2,0,5,8,0,4,2,291,2
87,11,4,0,0,2,16,0,4,2,457,1
88,11,4,0,0,5,28,0,4,2,403,1
89,5,0,0,0,2,16,1,4,2,455,2
90,8,4,1,0,5,28,0,2,2,385,1
91,4,1,0,0,2,17,0,4,2,424,2
92,0,1,1,0,2,17,0,4,0,320,1
93,4,1,1,0,2,17,0,4,0,320,1
94,5,0,2,0,5,15,0,4,2,419,1
95,1,4,0,0,5,28,0,4,2,403,1
96,8,0,0,0,5,15,0,4,2,386,1
97,4,2,0,0,5,15,0,4,2,419,1
98,1,2,0,0,5,15,0,4,2,419,1
99,6,2,2,0,5,28,0,2,2,271,1
100,9,2,0,0,0,29,0,4,2,354,2
101,3,2,1,0,6,7,1,2,2,304,1
102,0,2,1,0,5,28,0,2,2,385,1
103,3,2,0,0,0,29,0,4,2,354,2
104,0,1,0,0,2,17,0,4,2,424,2
105,6,1,0,0,2,17,0,4,2,424,2
106,7,0,2,0,5,8,0,4,2,291,2
107,11,2,2,0,2,16,0,4,2,452,1
108,3,0,2,0,5,8,0,4,2,291,2
109,8,3,2,0,5,8,0,4,2,381,2
110,6,2,0,0,5,8,0,4,2,447,1
111,7,2,0,0,0,29,0,4,2,354,2
112,0,3,2,0,5,8,0,4,2,381,2
113,0,1,2,0,5,15,0,4,2,419,1
114,1,4,2,0,2,16,0,4,2,409,2
115,0,2,2,0,5,28,0,2,2,271,1
116,5,2,2,0,2,16,0,4,2,452,1
117,6,2,0,0,0,29,0,4,2,354,2
118,11,2,2,0,2,16,0,4,2,409,1
119,6,1,0,0,5,28,0,4,2,403,1
120,11,3,2,0,5,8,0,4,2,381,2
121,8,4,2,0,5,8,0,4,2,447,1
122,9,4,0,0,5,28,0,4,2,403,1
123,8,3,2,0,2,16,0,4,2,452,2
124,9,4,1,0,5,28,0,2,2,385,1
125,0,2,2,0,2,16,0,4,2,452,1
126,7,2,0,0,5,15,0,4,2,419,1
127,3,1,1,0,2,16,1,4,2,447,2
128,1,4,1,0,6,12,0,4,2,381,2
129,3,4,2,0,2,16,0,4,2,409,2
130,5,2,2,0,2,16,0,4,2,409,1
131,9,4,0,0,5,15,0,4,2,386,1
132,3,1,0,0,2,17,0,4,2,424,2
133,4,3,2,0,5,8,0,4,2,381,2
134,2,0,2,0,5,15,0,4,2,419,1
135,5,1,2,0,5,15,0,4,2,419,1
136,8,4,1,0,6,12,0,4,2,381,2
137,1,3,2,0,2,16,0,4,2,452,2
138,0,4,1,0,5,28,0,2,2,385,1
139,3,1,2,0,2,16,0,4,2,457,2
140,1,4,2,0,5,8,0,4,2,447,1
141,8,0,0,0,2,16,1,4,2,455,2
142,11,4,2,0,2,16,0,4,2,409,2
143,4,4,2,0,2,16,0,4,2,409,2
144,6,2,2,0,2,16,0,4,2,452,1
145,6,2,1,0,6,7,1,2,2,304,1
146,4,2,2,0,2,16,0,4,2,452,1
147,8,4,2,0,2,16,0,4,2,409,2
148,2,0,0,0,5,15,0,4,2,386,1
149,0,4,0,0,5,28,0,4,2,403,1
150,3,3,0,0,6,11,0,4,2,366,2
151,3,3,1,0,2,16,0,4,2,459,2
152,5,2,1,0,6,7,1,2,2,304,1
153,11,3,0,0,6,11,0,4,2,366,2
154,9,2,2,0,5,28,0,2,2,271,1
155,3,1,1,0,2,17,0,4,0,320,1
156,11,2,1,0,6,7,1,2,2,304,1
157,4,2,0,0,0,29,0,4,2,354,2
158,6,2,2,0,2,16,0,4,2,409,1
159,2,2,2,0,2,16,0,4,2,409,1
160,1,3,1,0,2,16,0,4,2,459,2
161,5,1,0,0,2,17,0,4,2,424,2
162,10,2,0,0,5,8,0,4,2,447,1
163,7,0,2,0,5,15,0,4,2,419,1
164,7,2,1,0,6,7,1,2,2,304,1
165,7,2,0,0,5,8,0,4,2,447,1
166,8,4,0,0,5,15,0,4,2,386,1
167,10,1,0,0,5,28,0,4,2,403,1
168,8,1,0,0,5,28,0,4,2,403,1
169,0,4,1,0,6,12,0,4,2,381,2
170,11,2,0,0,5,8,0,4,2,447,1
171,0,4,2,0,5,8,0,4,2,447,1
172,8,4,0,0,2,16,0,4,2,457,1
173,0,2,0,0,5,15,0,4,2,419,1
174,5,1,1,0,2,17,0,4,0,320,1
175,3,4,0,0,5,15,0,4,2,386,1
176,6,1,2,0,5,15,0,4,2,419,1
177,7,0,0,0,5,15,0,4,2,386,1
178,9,3,1,0,2,16,0,4,2,459,2
179,6,3,2,0,2,16,0,4,2,452,2
180,0,4,0,0,2,16,0,4,2,457,1
181,0,4,2,0,2,16,0,4,2,409,2
182,0,1,0,0,5,28,0,4,2,403,1
183,10,3,0,0,6,11,0,4,2,366,2
184,11,2,2,0,5,28,0,2,2,271,1
185,0,2,0,0,0,29,0,4,2,354,2
186,0,2,2,0,2,16,0,4,2,409,1
187,3,4,0,0,2,16,0,4,2,457,1
188,0,2,0,0,5,8,0,4,2,447,1
189,7,0,0,0,2,16,1,4,2,455,2
190,6,3,2,0,5,8,0,4,2,381,2
191,0,4,0,0,5,15,0,4,2,386,1
192,0,1,2,0,2,16,0,4,2,457,2
193,0,0,2,0,5,15,0,4,2,419,1
194,0,0,0,0,5,15,0,4,2,386,1
195,4,2,2,0,2,16,0,4,2,409,1
196,7,1,2,0,5,15,0,4,2,419,1
197,0,2,1,0,6,7,1,2,2,304,1
198,4,1,2,0,5,15,0,4,2,419,1
199,6,4,3,0,6,22,0,4,0,62,1
200,6,4,1,0,5,28,0,2,2,385,1
201,6,2,0,0,5,15,0,4,2,419,1
202,5,3,2,0,5,8,0,4,2,381,2
203,8,1,1,0,2,17,0,4,0,320,1
204,11,4,0,0,5,15,0,4,2,386,1
205,1,4,0,0,5,15,0,4,2,386,1
206,1,4,0,0,2,16,0,4,2,457,1
207,7,1,0,0,2,17,0,4,2,424,2
208,0,3,2,0,2,16,0,4,2,452,2
209,9,3,0,0,6,11,0,4,2,366,2
210,3,3,2,0,5,8,0,4,2,381,2
211,6,3,1,0,2,16,0,4,2,459,2
212,0,1,1,0,2,16,1,4,2,447,2
213,1,1,0,0,2,17,0,4,2,424,2
214,1,1,1,0,2,17,0,4,0,320,1
215,1,1,1,0,2,16,1,4,2,447,2
216,0,3,1,0,2,16,0,4,2,459,2
217,4,0,2,0,5,15,0,4,2,419,1
218,3,2,0,0,5,15,0,4,2,419,1
219,7,2,2,0,2,16,0,4,2,409,1
220,5,2,0,0,0,29,0,4,2,354,2
221,11,1,1,0,2,16,1,4,2,447,2
222,5,3,2,0,2,16,0,4,2,452,2
223,5,4,0,0,2,16,0,4,2,457,1
224,8,1,0,0,2,17,0,4,2,424,2
225,7,4,1,0,6,12,0,4,2,381,2
226,8,1,1,0,2,16,1,4,2,447,2
227,5,4,1,0,5,28,0,2,2,385,1
228,2,2,1,0,6,7,1,2,2,304,1
229,10,2,2,0,2,16,0,4,2,409,1
230,4,0,0,0,5,15,0,4,2,386,1
231,4,0,0,0,2,16,1,4,2,455,2
232,6,4,2,0,5,8,0,4,2,447,1
233,3,4,2,0,5,8,0,4,2,447,1
234,10,0,2,0,5,8,0,4,2,291,2
235,11,1,2,0,2,16,0,4,2,457,2
236,7,4,2,0,2,16,0,4,2,409,2
237,7,1,0,0,5,28,0,4,2,403,1
238,3,4,1,0,5,28,0,2,2,385,1
239,8,1,2,0,2,16,0,4,2,457,2
240,7,4,1,0,5,28,0,2,2,385,1
241,5,4,0,0,5,28,0,4,2,403,1
242,10,3,2,0,2,16,0,4,2,452,2
243,10,2,1,0,6,7,1,2,2,304,1
244,1,3,1,2,2,21,0,4,2,55,1
245,3,4,1,0,6,12,0,4,2,381,2
246,5,2,0,0,5,15,0,4,2,419,1
247,5,3,1,0,2,16,0,4,2,459,2
248,6,3,0,0,6,11,0,4,2,366,2
249,8,1,2,0,5,15,0,4,2,419,1
250,10,4,0,0,5,28,0,4,2,403,1
251,3,4,0,0,5,28,0,4,2,403,1
252,5,4,2,0,2,16,0,4,2,409,2
253,10,3,1,0,2,16,0,4,2,459,2
254,0,0,2,0,5,8,0,4,2,291,2
255,5,1,1,0,2,16,1,4,2,447,2
256,7,0,0,0,5,15,0,4,2,386,1
257,7,4,0,0,5,15,0,4,2,386,1
258,6,4,1,0,6,12,0,4,2,381,2
259,11,1,1,0,2,17,0,4,0,320,1
260,7,4,0,0,2,16,0,4,2,457,1
261,5,3,0,0,6,11,0,4,2,366,2
262,5,4,0,0,5,15,0,4,2,386,1
263,10,4,1,0,5,28,0,2,2,385,1
264,1,3,0,0,6,11,0,4,2,366,2
265,0,3,0,0,6,11,0,4,2,366,2
266,10,0,2,0,5,15,0,4,2,419,1
267,5,1,2,0,2,16,0,4,2,457,2
268,1,3,2,0,5,8,0,4,2,381,2
269,3,1,0,0,5,28,0,4,2,403,1
270,5,1,0,0,5,28,0,4,2,403,1
271,4,0,2,0,5,8,0,4,2,291,2
272,4,2,2,0,5,28,0,2,2,271,1
273,4,2,1,0,5,28,0,2,2,385,1
274,1,1,2,0,5,15,0,4,2,419,1
275,5,4,1,0,6,12,0,4,2,381,2
276,0,0,0,0,2,16,1,4,2,455,2
277,11,0,0,0,5,15,0,4,2,386,1
278,10,4,0,0,5,15,0,4,2,386,1
279,11,1,0,0,2,17,0,4,2,424,2
280,4,2,0,0,5,8,0,4,2,447,1
281,7,2,2,0,2,16,0,4,2,452,1
282,6,4,2,0,2,16,0,4,2,409,2
283,2,0,2,0,5,8,0,4,2,291,2
284,7,3,0,0,6,11,0,4,2,366,2
285,7,1,2,0,2,16,0,4,2,457,2
286,3,3,2,0,2,16,0,4,2,452,2
287,7,4,2,0,5,8,0,4,2,447,1
288,7,4,3,0,6,22,0,4,0,62,1
289,10,2,0,0,5,15,0,4,2,419,1
290,10,2,0,0,0,29,0,4,2,354,2
291,4,2,1,0,6,7,1,2,2,304,1
292,6,4,0,0,5,15,0,4,2,386,1
293,2,2,2,0,5,28,0,2,2,271,1
294,2,2,1,0,5,28,0,2,2,385,1
295,10,4,2,0,2,16,0,4,2,409,2
296,11,0,2,0,5,8,0,4,2,291,2
297,10,4,3,0,6,22,0,4,0,62,1
298,7,1,1,0,2,17,0,4,0,320,1
299,7,4,0,0,5,28,0,4,2,403,1
300,7,3,2,0,5,8,0,4,2,381,2
301,2,2,0,0,5,8,0,4,2,447,1
302,5,4,2,0,5,8,0,4,2,447,1
303,10,0,0,0,5,15,0,4,2,386,1
304,11,1,2,0,5,15,0,4,2,419,1
305,1,1,0,0,5,28,0,4,2,403,1
306,7,3,2,0,2,16,0,4,2,452,2
307,6,4,0,0,2,16,0,4,2,457,1
308,10,4,2,0,5,8,0,4,2,447,1
309,2,0,0,0,2,16,1,4,2,455,2
310,10,4,1,0,6,12,0,4,2,381,2
311,10,4,0,0,2,16,0,4,2,457,1
312,10,2,2,0,2,16,0,4,2,452,1
313,10,3,2,0,5,8,0,4,2,381,2
314,7,1,1,0,2,16,1,4,2,447,2
315,7,3,1,0,2,16,0,4,2,459,2
316,1,1,2,0,2,16,0,4,2,457,2
317,2,4,2,0,5,4,0,4,2,122,1
318,2,4,0,0,2,21,0,4,2,219,1
319,4,4,1,0,5,6,0,4,2,185,1
320,9,4,1,0,5,4,0,4,2,99,2
321,8,4,1,0,5,6,0,4,2,185,1
322,4,4,2,0,2,17,0,4,2,134,2
323,11,4,1,0,5,4,0,4,2,99,2
324,1,0,0,0,5,28,0,2,2,128,1
325,11,4,0,0,2,21,0,4,2,219,1
326,4,4,0,0,0,29,0,4,2,88,2
327,6,2,2,0,0,29,0,4,2,115,2
328,9,4,1,0,5,6,0,4,2,185,1
329,9,4,0,0,2,21,0,4,2,219,1
330,0,1,2,0,4,9,0,4,2,222,1
331,8,4,0,0,2,21,0,4,2,219,1
332,1,2,1,0,5,6,1,4,2,183,1
333,2,4,1,0,5,4,0,4,2,99,2
334,8,0,1,0,5,6,0,4,2,185,1
335,2,4,2,0,2,17,0,4,2,134,2
336,8,4,0,0,0,29,0,4,2,88,2
337,1,0,2,0,2,21,0,4,2,188,1
338,1,0,2,0,5,8,0,4,2,151,2
339,1,0,1,0,5,6,0,4,2,185,1
340,9,4,0,0,0,29,0,4,2,88,2
341,8,1,2,0,4,9,0,4,2,222,1
342,9,4,2,0,5,4,0,4,2,122,1
343,1,0,0,0,0,29,0,4,2,94,2
344,11,4,2,0,5,4,0,4,2,122,1
345,12,1,2,0,4,9,0,4,2,222,1
346,8,4,2,0,5,4,0,4,2,122,1
347,1,2,0,0,1,0,0,4,2,197,1
348,11,4,0,0,0,29,0,4,2,88,2
349,4,3,2,0,2,25,1,1,2,214,4
350,5,2,0,0,5,28,0,4,2,81,1
351,2,3,1,0,0,31,0,4,2,167,1
352,2,3,2,0,2,25,1,1,2,214,4
353,5,2,3,0,2,16,1,4,0,126,3
354,3,2,0,0,5,28,0,4,2,81,1
355,3,2,3,0,2,16,1,4,0,126,3
356,1,4,1,0,5,4,0,4,2,99,2
357,6,4,2,0,5,4,0,4,2,122,1
358,2,4,1,0,5,6,0,4,2,185,1
359,2,4,0,0,0,29,0,4,2,88,2
360,4,3,3,0,2,16,0,4,0,234,3
361,4,1,2,0,4,9,0,4,2,222,1
362,5,2,2,0,0,29,0,4,2,115,2
363,3,0,2,0,5,8,0,4,2,151,2
364,2,1,2,0,4,9,0,4,2,222,1
365,8,3,2,0,2,25,1,1,2,214,4
366,7,2,0,0,5,28,0,4,2,81,1
367,11,3,2,0,2,25,1,1,2,214,4
368,11,1,2,0,4,9,0,4,2,222,1
369,4,4,0,0,2,21,0,4,2,219,1
370,12,2,3,0,2,16,1,4,0,126,3
371,4,3,1,0,0,31,0,4,2,167,1
372,1,2,2,0,0,29,0,4,2,115,2
373,4,1,1,0,5,6,1,4,2,183,1
374,8,0,2,0,5,8,0,4,2,151,2
375,9,0,2,0,5,8,0,4,2,151,2
376,2,1,0,0,0,20,0,4,2,173,2
377,6,1,2,0,4,9,0,4,2,222,1
378,3,2,2,0,0,29,0,4,2,115,2
379,6,1,0,0,0,20,0,4,2,173,2
380,1,4,2,0,5,4,0,4,2,122,1
381,7,2,3,0,2,16,1,4,0,126,3
382,12,2,0,0,1,0,0,4,2,197,1
383,0,4,0,0,0,29,0,4,2,88,2
384,9,0,1,0,5,6,0,4,2,185,1
385,4,1,3,0,2,16,0,4,0,95,3
386,7,2,1,0,5,6,1,4,2,183,1
387,5,2,0,0,1,0,0,4,2,197,1
388,4,1,0,0,0,20,0,4,2,173,2
389,3,0,0,0,5,28,0,2,2,128,1
390,2,3,3,0,2,16,0,4,0,234,3
391,0,1,0,0,0,20,0,4,2,173,2
392,6,4,1,0,5,4,0,4,2,99,2
393,0,1,3,0,2,16,0,4,0,95,3
394,8,1,3,0,2,16,0,4,0,95,3
395,1,4,0,0,2,21,0,4,2,219,1
396,8,4,1,0,5,4,0,4,2,99,2
397,5,0,2,0,5,8,0,4,2,151,2
398,5,0,2,0,2,21,0,4,2,188,1
399,7,2,0,0,1,0,0,4,2,197,1
400,5,2,1,0,5,6,1,4,2,183,1
401,6,3,3,0,2,16,0,4,0,234,3
402,9,3,2,0,2,25,1,1,2,214,4
403,2,1,3,0,2,16,0,4,0,95,3
404,3,0,0,0,0,29,0,4,2,94,2
405,10,1,1,0,5,6,1,4,2,183,1
406,9,0,0,0,0,29,0,4,2,94,2
407,3,2,1,0,5,6,1,4,2,183,1
408,2,1,2,0,6,19,1,4,1,109,2
409,0,4,2,0,5,4,0,4,2,122,1
410,6,4,0,0,0,29,0,4,2,88,2
411,4,4,2,0,5,4,0,4,2,122,1
412,7,2,2,0,0,29,0,4,2,115,2
413,3,2,0,0,1,0,0,4,2,197,1
414,6,1,3,0,2,16,0,4,0,95,3
415,8,2,2,0,0,29,0,4,2,115,2
416,7,4,1,0,5,6,0,4,2,185,1
417,5,4,0,0,0,29,0,4,2,88,2
418,0,4,0,0,2,21,0,4,2,219,1
419,0,4,1,0,5,6,0,4,2,185,1
420,5,0,1,0,5,6,0,4,2,185,1
421,10,2,3,0,2,16,1,4,0,126,3
422,9,3,3,0,2,16,0,4,0,234,3
423,2,1,1,0,5,6,1,4,2,183,1
424,8,2,1,0,5,6,1,4,2,183,1
425,6,1,1,0,5,6,1,4,2,183,1
426,8,0,0,0,0,29,0,4,2,94,2
427,6,3,2,0,2,25,1,1,2,214,4
428,3,4,1,0,5,6,0,4,2,185,1
429,11,3,3,0,2,16,0,4,0,234,3
430,10,1,2,0,6,19,1,4,1,109,2
431,5,4,1,0,5,6,0,4,2,185,1
432,10,3,1,0,0,31,0,4,2,167,1
433,0,4,2,0,2,17,0,4,2,134,2
434,5,4,1,0,5,4,0,4,2,99,2
435,1,4,2,0,2,17,0,4,2,134,2
436,5,3,1,0,0,31,0,4,2,167,1
437,3,0,2,0,2,21,0,4,2,188,1
438,3,4,2,0,2,17,0,4,2,134,2
439,1,2,3,0,2,16,1,4,0,126,3
440,5,0,0,0,5,28,0,2,2,128,1
441,9,2,1,0,5,6,1,4,2,183,1
442,10,4,1,0,5,4,0,4,2,99,2
443,1,1,2,0,6,19,1,4,1,109,2
444,10,3,3,0,2,16,0,4,0,234,3
445,10,3,2,0,2,25,1,1,2,214,4
446,1,4,0,0,0,29,0,4,2,88,2
447,11,1,2,0,6,19,1,4,1,109,2
448,5,3,3,0,2,16,0,4,0,234,3
449,3,4,0,0,0,29,0,4,2,88,2
450,0,1,1,0,5,6,1,4,2,183,1
451,7,1,2,0,4,9,0,4,2,222,1
452,7,3,2,0,2,25,1,1,2,214,4
453,5,3,2,0,2,25,1,1,2,214,4
454,8,1,1,0,5,6,1,4,2,183,1
455,9,2,0,0,1,0,0,4,2,197,1
456,11,2,1,0,5,6,1,4,2,183,1
457,1,1,1,0,5,6,1,4,2,183,1
458,10,2,2,0,0,29,0,4,2,115,2
459,7,0,1,0,5,6,0,4,2,185,1
460,9,3,1,0,0,31,0,4,2,167,1
461,0,2,0,0,5,28,0,4,2,81,1
462,7,1,0,0,0,20,0,4,2,173,2
463,11,1,3,0,2,16,0,4,0,95,3
464,6,1,2,0,6,19,1,4,1,109,2
465,7,0,0,0,0,29,0,4,2,94,2
466,10,4,0,0,2,21,0,4,2,219,1
467,7,4,0,0,0,29,0,4,2,88,2
468,0,0,1,0,5,6,0,4,2,185,1
469,10,1,3,0,2,16,0,4,0,95,3
470,2,0,1,0,5,6,0,4,2,185,1
471,0,3,2,0,2,25,1,1,2,214,4
472,12,4,1,0,5,4,0,4,2,99,2
473,3,1,2,0,4,9,0,4,2,222,1
474,7,1,3,0,2,16,0,4,0,95,3
475,3,0,1,0,5,6,0,4,2,185,1
476,3,3,2,0,2,25,1,1,2,214,4
477,5,1,0,0,0,20,0,4,2,173,2
478,5,1,2,0,4,9,0,4,2,222,1
479,8,1,2,0,6,19,1,4,1,109,2
480,11,1,0,0,0,20,0,4,2,173,2
481,0,0,2,0,2,21,0,4,2,188,1
482,3,4,2,0,5,4,0,4,2,122,1
483,2,2,1,0,5,6,1,4,2,183,1
484,5,1,2,0,6,19,1,4,1,109,2
485,7,0,2,0,2,21,0,4,2,188,1
486,11,1,1,0,5,6,1,4,2,183,1
487,3,3,3,0,2,16,0,4,0,234,3
488,4,1,2,0,6,19,1,4,1,109,2
489,0,2,2,0,0,29,0,4,2,115,2
490,6,3,1,0,0,31,0,4,2,167,1
491,10,4,2,0,5,4,0,4,2,122,1
492,1,2,0,0,5,28,0,4,2,81,1
493,8,2,0,0,5,28,0,4,2,81,1
494,3,4,1,0,5,4,0,4,2,99,2
495,5,4,0,0,2,21,0,4,2,219,1
496,10,2,0,0,1,0,0,4,2,197,1
497,4,0,2,0,5,8,0,4,2,151,2
498,0,2,0,0,1,0,0,4,2,197,1
499,7,1,1,0,5,6,1,4,2,183,1
500,7,3,1,0,0,31,0,4,2,167,1
501,4,2,0,0,5,28,0,4,2,81,1
502,6,4,1,0,5,6,0,4,2,185,1
503,7,0,0,0,5,28,0,2,2,128,1
504,10,0,0,0,0,29,0,4,2,94,2
505,11,0,1,0,5,6,0,4,2,185,1
506,2,0,2,0,2,21,0,4,2,188,1
507,5,4,2,0,5,4,0,4,2,122,1
508,10,2,1,0,5,6,1,4,2,183,1
509,3,1,0,0,0,20,0,4,2,173,2
510,10,0,2,0,2,21,0,4,2,188,1
511,3,1,3,0,2,16,0,4,0,95,3
512,10,0,2,0,5,8,0,4,2,151,2
513,4,0,0,0,5,28,0,2,2,128,1
514,4,0,0,0,0,29,0,4,2,94,2
515,7,3,3,0,2,16,0,4,0,234,3
516,0,1,2,0,6,19,1,4,1,109,2
517,10,4,0,0,0,29,0,4,2,88,2
518,0,0,2,0,5,8,0,4,2,151,2
519,0,0,0,0,5,28,0,2,2,128,1
520,2,0,2,0,5,8,0,4,2,151,2
521,3,3,1,0,0,31,0,4,2,167,1
522,0,2,1,0,5,6,1,4,2,183,1
523,4,0,2,0,2,21,0,4,2,188,1
524,11,0,0,0,0,29,0,4,2,94,2
525,7,1,2,0,6,19,1,4,1,109,2
526,1,3,1,0,0,31,0,4,2,167,1
527,0,2,3,0,2,16,1,4,0,126,3
528,7,0,2,0,5,8,0,4,2,151,2
529,2,2,0,0,5,28,0,4,2,81,1
530,1,3,2,0,2,25,1,1,2,214,4
531,2,0,0,0,0,29,0,4,2,94,2
532,0,3,1,0,0,31,0,4,2,167,1
533,4,0,1,0,5,6,0,4,2,185,1
534,5,1,3,0,2,16,0,4,0,95,3
535,4,2,3,0,2,16,1,4,0,126,3
536,0,0,0,0,0,29,0,4,2,94,2
537,1,3,3,0,2,16,0,4,0,234,3
538,1,1,2,0,4,9,0,4,2,222,1
539,10,4,1,0,5,6,0,4,2,185,1
540,10,1,0,0,0,20,0,4,2,173,2
541,0,3,3,0,2,16,0,4,0,234,3
542,4,2,1,0,5,6,1,4,2,183,1
543,10,0,1,0,5,6,0,4,2,185,1
544,3,1,1,0,5,6,1,4,2,183,1
545,10,1,2,0,4,9,0,4,2,222,1
546,4,2,0,0,1,0,0,4,2,197,1
547,11,2,2,0,0,29,0,4,2,115,2
548,5,1,1,0,5,6,1,4,2,183,1
549,7,4,0,0,2,21,0,4,2,219,1
550,2,2,0,0,1,0,0,4,2,197,1
551,11,2,3,0,2,16,1,4,0,126,3
552,9,2,3,0,2,16,1,4,0,126,3
553,11,2,0,0,1,0,0,4,2,197,1
554,1,1,3,0,2,16,0,4,0,95,3
555,2,2,3,0,2,16,1,4,0,126,3
556,7,4,2,0,5,4,0,4,2,122,1
557,9,2,0,0,5,28,0,4,2,81,1
558,3,1,2,0,6,19,1,4,1,109,2
559,11,0,2,0,5,8,0,4,2,151,2
560,2,4,1,0,0,10,0,4,2,46,2
561,8,4,2,0,0,10,0,4,2,74,1
562,2,1,0,0,5,4,0,4,2,23,1
563,11,4,2,0,0,10,0,4,2,74,1
564,8,1,0,0,5,4,0,4,2,23,1
565,0,1,1,0,5,28,0,2,2,79,1
566,4,3,0,0,5,6,0,4,2,40,1
567,1,0,0,0,2,16,1,4,2,58,2
568,1,0,2,0,5,4,1,3,2,56,1
569,8,3,0,0,5,6,0,4,2,40,1
570,0,1,0,0,5,4,0,4,2,23,1
571,1,4,1,0,1,3,0,4,2,80,4
572,2,1,2,0,0,29,0,4,2,34,1
573,4,1,1,0,5,28,0,2,2,79,1
574,2,1,1,0,5,28,0,2,2,79,1
575,1,0,0,0,5,4,0,4,2,62,1
576,7,2,0,0,5,8,0,4,2,105,1
577,1,4,2,0,0,29,0,4,2,97,1
578,1,4,2,0,6,7,0,2,0,45,2
579,2,4,2,0,0,10,0,4,2,74,1
580,9,4,1,0,1,3,0,4,2,80,4
581,3,2,1,0,5,1,0,4,2,91,2
582,0,1,2,0,0,29,0,4,2,34,1
583,3,2,0,0,0,10,0,4,2,30,2
584,2,3,0,0,5,6,0,4,2,40,1
585,5,2,1,0,5,1,0,4,2,91,2
586,9,3,0,0,5,6,0,4,2,40,1
587,9,4,1,0,0,10,0,4,2,46,2
588,0,1,0,0,0,31,0,4,2,97,1
589,3,2,0,0,5,8,0,4,2,105,1
590,4,3,2,0,0,10,0,4,2,52,1
591,5,2,0,0,5,8,0,4,2,105,1
592,9,4,2,0,0,10,0,4,2,74,1
593,8,1,1,0,5,28,0,2,2,79,1
594,5,1,0,0,5,4,0,4,2,23,1
595,2,4,2,0,0,29,0,4,2,97,1
596,1,4,1,0,0,10,0,4,2,46,2
597,1,0,2,2,2,21,0,4,2,97,1
598,8,4,1,0,0,10,0,4,2,46,2
599,7,2,1,0,5,1,0,4,2,91,2
600,3,3,0,0,5,6,0,4,2,40,1
601,0,1,2,0,2,16,0,4,2,34,2
602,11,1,1,0,5,28,0,2,2,79,1
603,0,3,0,0,5,6,0,4,2,40,1
604,11,4,1,0,0,10,0,4,2,46,2
605,3,0,2,2,2,21,0,4,2,97,1
606,3,0,2,0,5,4,1,3,2,56,1
607,2,4,2,0,6,7,0,2,0,45,2
608,7,2,0,0,0,10,0,4,2,30,2
609,0,4,1,0,0,10,0,4,2,46,2
610,5,0,2,2,2,21,0,4,2,97,1
611,3,0,0,0,5,4,0,4,2,62,1
612,4,4,1,0,0,10,0,4,2,46,2
613,8,3,1,0,2,16,0,4,2,51,2
614,0,4,2,0,0,10,0,4,2,74,1
615,0,3,2,0,0,10,0,4,2,52,1
616,4,1,2,0,0,29,0,4,2,34,1
617,2,1,0,0,0,31,0,4,2,97,1
618,5,2,0,0,0,10,0,4,2,30,2
619,2,3,2,0,0,10,0,4,2,52,1
620,8,0,0,0,5,4,0,4,2,62,1
621,5,1,2,0,0,29,0,4,2,34,1
622,5,3,2,0,0,10,0,4,2,52,1
623,7,2,2,0,5,24,0,4,2,48,2
624,8,3,2,0,0,10,0,4,2,52,1
625,1,4,2,0,0,10,0,4,2,74,1
626,0,3,1,0,2,16,0,4,2,51,2
627,12,4,1,0,1,3,0,4,2,80,4
628,5,4,1,0,0,10,0,4,2,46,2
629,11,4,2,0,6,7,0,2,0,45,2
630,3,1,2,0,0,29,0,4,2,34,1
631,0,2,1,0,5,1,0,4,2,91,2
632,7,0,2,2,2,21,0,4,2,97,1
633,5,0,0,0,5,4,0,4,2,62,1
634,11,1,2,0,0,29,0,4,2,34,1
635,11,1,0,0,0,31,0,4,2,97,1
636,10,4,2,0,0,29,0,4,2,97,1
637,5,4,2,0,0,10,0,4,2,74,1
638,1,1,2,0,0,29,0,4,2,34,1
639,0,2,0,0,0,10,0,4,2,30,2
640,4,1,0,0,0,31,0,4,2,97,1
641,4,4,2,0,0,10,0,4,2,74,1
642,11,4,1,0,1,3,0,4,2,80,4
643,2,4,1,0,1,3,0,4,2,80,4
644,5,1,1,0,5,28,0,2,2,79,1
645,3,4,2,0,0,10,0,4,2,74,1
646,7,4,2,0,0,10,0,4,2,74,1
647,2,3,1,0,2,16,0,4,2,51,2
648,5,1,0,0,0,31,0,4,2,97,1
649,4,0,0,0,5,4,0,4,2,62,1
650,4,0,2,0,5,4,1,3,2,56,1
651,3,1,0,0,5,4,0,4,2,23,1
652,4,0,2,2,2,21,0,4,2,97,1
653,5,0,2,0,5,4,1,3,2,56,1
654,3,1,1,0,5,28,0,2,2,79,1
655,9,0,2,0,5,4,1,3,2,56,1
656,7,1,0,0,5,4,0,4,2,23,1
657,0,0,2,0,5,4,1,3,2,56,1
658,0,4,2,0,6,7,0,2,0,45,2
659,10,2,1,0,5,1,0,4,2,91,2
660,8,1,0,0,0,31,0,4,2,97,1
661,7,0,2,0,5,4,1,3,2,56,1
662,2,2,1,0,5,1,0,4,2,91,2
663,8,2,0,0,0,10,0,4,2,30,2
664,5,3,0,0,5,6,0,4,2,40,1
665,2,0,2,0,5,4,1,3,2,56,1
666,3,3,2,0,0,10,0,4,2,52,1
667,10,3,0,0,5,6,0,4,2,40,1
668,4,2,0,0,0,10,0,4,2,30,2
669,1,2,0,0,0,10,0,4,2,30,2
670,11,4,2,0,0,29,0,4,2,97,1
671,7,0,0,0,5,4,0,4,2,62,1
672,7,1,0,0,0,31,0,4,2,97,1
673,7,1,2,0,0,29,0,4,2,34,1
674,4,4,2,0,0,29,0,4,2,97,1
675,1,1,0,0,0,31,0,4,2,97,1
676,10,0,0,0,5,4,0,4,2,62,1
677,0,4,1,0,1,3,0,4,2,80,4
678,4,2,0,0,5,8,0,4,2,105,1
679,1,3,0,0,5,6,0,4,2,40,1
680,1,2,0,0,5,8,0,4,2,105,1
681,4,2,1,0,5,1,0,4,2,91,2
682,2,0,0,0,5,4,0,4,2,62,1
683,7,4,1,0,0,10,0,4,2,46,2
684,2,0,2,2,2,21,0,4,2,97,1
685,3,1,0,0,0,31,0,4,2,97,1
686,0,4,2,0,0,29,0,4,2,97,1
687,9,3,2,0,0,10,0,4,2,52,1
688,8,4,2,0,6,7,0,2,0,45,2
689,10,2,0,0,5,8,0,4,2,105,1
690,10,0,2,2,2,21,0,4,2,97,1
691,2,2,0,0,5,8,0,4,2,105,1
692,10,4,1,0,0,10,0,4,2,46,2
693,10,4,1,0,1,3,0,4,2,80,4
694,11,0,2,0,5,4,1,3,2,56,1
695,1,1,0,0,5,4,0,4,2,23,1
696,5,4,2,0,0,29,0,4,2,97,1
697,10,2,0,0,0,10,0,4,2,30,2
698,1,1,1,0,5,28,0,2,2,79,1
699,10,3,2,0,0,10,0,4,2,52,1
700,11,0,2,2,2,21,0,4,2,97,1
701,10,0,2,0,5,4,1,3,2,56,1
702,0,2,0,0,5,8,0,4,2,105,1
703,11,2,1,0,5,1,0,4,2,91,2
704,5,4,2,0,6,7,0,2,0,45,2
705,10,4,2,0,6,7,0,2,0,45,2
706,10,4,2,0,0,10,0,4,2,74,1
707,7,1,1,0,5,28,0,2,2,79,1
708,7,3,2,0,0,10,0,4,2,52,1
709,3,4,1,0,0,10,0,4,2,46,2
710,2,2,0,0,0,10,0,4,2,30,2
711,4,4,1,0,1,3,0,4,2,80,4
712,7,4,2,0,0,29,0,4,2,97,1
713,11,2,0,0,5,8,0,4,2,105,1
714,10,1,1,0,5,28,0,2,2,79,1
715,10,1,2,0,0,29,0,4,2,34,1
716,1,2,1,0,5,1,0,4,2,91,2
717,1,3,2,0,0,10,0,4,2,52,1
718,5,4,1,0,1,3,0,4,2,80,4
719,3,4,2,0,0,29,0,4,2,97,1
720,3,4,2,0,6,7,0,2,0,45,2
721,10,1,0,0,5,4,0,4,2,23,1
722,7,4,2,0,6,7,0,2,0,45,2
723,9,0,2,2,2,21,0,4,2,97,1
724,3,4,1,0,1,3,0,4,2,80,4
725,9,2,0,0,5,8,0,4,2,105,1
726,8,2,0,0,5,8,0,4,2,105,1
727,9,2,2,0,5,24,0,4,2,48,2
728,7,4,1,0,1,3,0,4,2,80,4
729,4,4,2,0,6,7,0,2,0,45,2
730,8,2,2,0,5,24,0,4,2,48,2
731,9,2,1,0,5,1,0,4,2,91,2
732,12,0,2,2,2,21,0,4,2,97,1
733,11,2,0,0,0,10,0,4,2,30,2
734,10,1,0,0,0,31,0,4,2,97,1
735,9,2,0,0,0,10,0,4,2,30,2
736,1,4,2,0,5,28,0,2,2,72,1
737,4,3,2,0,5,8,0,4,2,105,2
738,2,3,2,0,5,8,0,4,2,105,2
739,2,1,0,0,5,28,0,2,2,72,1
740,1,4,2,0,4,26,0,4,2,97,1
741,7,2,0,0,5,28,0,2,2,79,1
742,2,1,1,0,4,26,0,4,2,97,1
743,4,3,0,0,5,4,0,4,2,43,2
744,0,1,0,0,5,28,0,2,2,72,1
745,9,3,0,0,5,4,0,4,2,36,1
746,5,2,0,0,0,10,0,4,0,74,1
747,4,1,0,0,5,28,0,2,2,72,1
748,7,2,0,0,0,10,0,4,0,74,1
749,0,2,0,0,5,28,0,2,2,79,1
750,5,2,2,0,0,29,0,4,2,61,2
751,1,4,0,2,2,25,0,4,2,69,1
752,8,3,2,0,5,8,0,4,2,105,2
753,2,1,2,0,4,26,0,4,2,61,2
754,9,3,2,0,5,8,0,4,2,105,2
755,9,3,0,0,5,4,0,4,2,43,2
756,6,2,0,0,5,28,0,2,2,79,1
757,4,3,0,0,5,4,0,4,2,36,1
758,4,1,1,0,4,26,0,4,2,97,1
759,1,4,0,0,5,4,1,3,2,56,2
760,1,4,1,0,4,26,0,4,2,69,1
761,6,2,0,0,0,10,0,4,0,74,1
762,0,2,0,0,4,26,0,4,2,69,1
763,3,2,0,0,4,26,0,4,2,69,1
764,0,1,2,0,4,26,0,4,2,61,2
765,5,2,0,0,5,28,0,2,2,79,1
766,2,3,0,0,5,4,0,4,2,43,2
767,7,2,2,0,0,29,0,4,2,61,2
768,11,3,0,0,5,4,0,4,2,36,1
769,11,3,2,0,5,8,0,4,2,105,2
770,0,2,0,0,0,10,0,4,0,74,1
771,11,1,1,0,4,26,0,4,2,97,1
772,10,2,0,0,0,10,0,4,0,74,1
773,8,1,2,0,4,26,0,4,2,61,2
774,6,1,0,0,5,28,0,2,2,72,1
775,4,1,2,0,5,4,0,4,2,62,1
776,0,1,1,0,4,26,0,4,2,97,1
777,3,3,0,0,5,4,0,4,2,43,2
778,6,1,2,0,4,26,0,4,2,61,2
779,11,2,0,0,5,28,0,2,2,79,1
780,8,3,0,0,5,4,0,4,2,43,2
781,0,3,2,0,5,8,0,4,2,105,2
782,9,4,0,0,5,4,1,3,2,56,2
783,11,3,0,0,5,4,0,4,2,43,2
784,6,1,1,0,4,26,0,4,2,97,1
785,0,2,1,0,5,6,1,4,2,33,1
786,6,4,0,0,5,4,1,3,2,56,2
787,10,4,2,0,4,26,0,4,2,97,1
788,11,1,2,0,4,26,0,4,2,61,2
789,8,1,0,0,5,28,0,2,2,72,1
790,4,1,2,0,4,26,0,4,2,61,2
791,3,2,2,0,0,29,0,4,2,61,2
792,3,2,0,0,5,28,0,2,2,79,1
793,10,2,0,0,5,28,0,2,2,79,1
794,3,3,0,0,5,4,0,4,2,36,1
795,9,4,2,0,4,26,0,4,2,97,1
796,7,3,0,0,5,4,0,4,2,36,1
797,6,2,2,0,0,29,0,4,2,61,2
798,7,3,2,0,5,8,0,4,2,105,2
799,10,4,2,0,5,28,0,2,2,72,1
800,6,4,2,0,4,26,0,4,2,97,1
801,8,1,1,0,4,26,0,4,2,97,1
802,9,4,1,0,0,10,0,4,2,39,2
803,9,2,0,0,5,28,0,2,2,79,1
804,10,3,2,0,5,8,0,4,2,105,2
805,8,4,1,0,0,10,0,4,2,39,2
806,3,2,0,0,0,10,0,4,0,74,1
807,0,4,2,0,5,28,0,2,2,72,1
808,3,4,2,0,4,26,0,4,2,97,1
809,3,3,2,0,5,8,0,4,2,105,2
810,6,4,1,0,0,10,0,4,2,39,2
811,5,3,2,0,5,8,0,4,2,105,2
812,11,1,0,0,5,28,0,2,2,72,1
813,8,3,0,0,5,4,0,4,2,36,1
814,4,4,2,0,5,28,0,2,2,72,1
815,10,1,2,0,5,4,0,4,2,62,1
816,0,4,2,0,4,26,0,4,2,97,1
817,8,4,0,0,5,4,1,3,2,56,2
818,3,4,2,0,5,28,0,2,2,72,1
819,7,3,0,0,5,4,0,4,2,43,2
820,5,1,1,0,4,26,0,4,2,97,1
821,5,3,0,0,5,4,0,4,2,43,2
822,7,1,0,0,5,28,0,2,2,72,1
823,10,3,0,0,5,4,0,4,2,43,2
824,10,3,0,0,5,4,0,4,2,36,1
825,6,4,2,0,5,28,0,2,2,72,1
826,10,1,1,0,4,26,0,4,2,97,1
827,2,3,0,0,5,4,0,4,2,36,1
828,10,1,2,0,4,26,0,4,2,61,2
829,11,2,0,0,4,26,0,4,2,69,1
830,2,2,2,0,0,29,0,4,2,61,2
831,10,2,2,0,0,29,0,4,2,61,2
832,1,2,2,0,0,29,0,4,2,61,2
833,2,1,2,0,5,4,0,4,2,62,1
834,4,4,2,0,4,26,0,4,2,97,1
835,11,0,2,0,6,23,0,4,2,50,3
836,0,2,2,0,0,29,0,4,2,61,2
837,6,3,2,0,5,8,0,4,2,105,2
838,11,4,1,0,0,10,0,4,2,39,2
839,2,2,0,0,4,26,0,4,2,69,1
840,7,1,2,0,4,26,0,4,2,61,2
841,1,4,1,0,0,10,0,4,2,39,2
842,2,4,0,2,2,25,0,4,2,69,1
843,10,4,0,0,5,4,1,3,2,56,2
844,2,4,2,0,4,26,0,4,2,97,1
845,5,1,2,0,4,26,0,4,2,61,2
846,9,2,2,0,0,29,0,4,2,61,2
847,7,4,2,0,5,28,0,2,2,72,1
848,1,3,2,0,5,8,0,4,2,105,2
849,10,1,0,0,5,28,0,2,2,72,1
850,11,2,0,0,4,26,0,4,2,69,1
851,5,4,2,0,4,26,0,4,2,97,1
852,1,1,0,0,5,28,0,2,2,72,1
853,2,2,0,0,5,28,0,2,2,79,1
854,0,0,2,0,6,23,0,4,2,50,3
855,5,3,0,0,5,4,0,4,2,36,1
856,1,2,0,0,4,26,0,4,2,69,1
857,10,4,1,0,0,10,0,4,2,39,2
858,1,2,0,0,5,28,0,2,2,79,1
859,8,2,0,0,5,28,0,2,2,79,1
860,3,4,1,0,0,10,0,4,2,39,2
861,0,4,1,0,4,26,0,4,2,69,1
862,6,3,0,0,5,4,0,4,2,43,2
863,11,4,0,0,5,4,1,3,2,56,2
864,4,2,0,0,5,28,0,2,2,79,1
865,1,2,0,0,4,26,0,4,2,69,1
866,3,1,0,0,5,28,0,2,2,72,1
867,11,4,2,0,5,28,0,2,2,72,1
868,1,2,0,0,0,10,0,4,0,74,1
869,8,2,2,0,0,29,0,4,2,61,2
870,8,2,0,0,0,10,0,4,0,74,1
871,5,1,0,0,5,28,0,2,2,72,1
872,1,3,0,0,5,4,0,4,2,43,2
873,11,2,2,0,0,29,0,4,2,61,2
874,0,4,0,0,5,4,1,3,2,56,2
875,2,2,1,0,5,6,1,4,2,33,1
876,3,1,1,0,4,26,0,4,2,97,1
877,2,2,0,0,0,10,0,4,0,74,1
878,3,1,2,0,4,26,0,4,2,61,2
879,11,4,2,0,4,26,0,4,2,97,1
880,7,1,1,0,4,26,0,4,2,97,1
881,4,2,0,0,0,10,0,4,0,74,1
882,7,4,1,0,0,10,0,4,2,39,2
883,6,3,0,0,5,4,0,4,2,36,1
884,0,4,1,0,0,10,0,4,2,39,2
885,8,4,2,0,4,26,0,4,2,97,1
886,4,2,2,0,0,29,0,4,2,61,2
887,8,4,2,0,5,28,0,2,2,72,1
888,1,2,1,0,5,6,1,4,2,33,1
889,4,4,1,0,0,10,0,4,2,39,2
890,2,4,0,0,5,4,1,3,2,56,2
891,4,4,0,0,5,4,1,3,2,56,2
892,2,4,1,0,4,26,0,4,2,69,1
893,1,1,2,0,5,4,0,4,2,62,1
894,7,4,0,0,5,4,1,3,2,56,2
895,3,4,1,0,4,26,0,4,2,69,1
896,11,2,0,0,4,26,0,4,2,69,1
897,3,1,2,0,5,4,0,4,2,62,1
898,3,4,0,0,5,4,1,3,2,56,2
899,7,4,2,0,4,26,0,4,2,97,1
900,2,4,1,0,0,10,0,4,2,39,2
901,1,1,2,0,4,26,0,4,2,61,2
902,1,1,1,0,4,26,0,4,2,97,1
903,5,4,0,0,5,4,1,3,2,56,2
904,5,4,1,0,0,10,0,4,2,39,2
905,1,3,0,0,5,4,0,4,2,36,1
906,0,1,2,0,2,13,0,0,0,41,2
907,0,1,0,0,6,18,0,4,0,8,3
908,0,1,1,0,0,20,0,4,0,21,2
909,0,1,2,2,6,12,0,4,2,19,1
910,6,0,1,2,6,12,0,4,2,24,1
911,6,0,0,2,5,8,0,4,2,31,1
912,4,1,2,2,6,12,0,4,2,19,1
913,5,2,0,2,6,12,0,4,2,15,1
914,2,4,0,0,6,7,0,2,0,35,3
915,2,4,2,2,6,23,0,4,2,23,1
916,4,3,0,2,6,23,0,4,2,21,1
917,4,3,0,2,6,23,0,4,2,23,1
918,8,2,2,2,6,12,0,4,2,24,1
919,8,2,2,2,6,12,0,0,2,25,1
920,8,2,1,2,6,12,0,4,2,24,1
921,1,0,2,0,5,15,0,4,2,14,1
922,1,0,2,2,6,12,0,4,2,21,1
923,1,0,2,2,6,12,0,4,2,24,1
924,1,0,0,2,6,12,0,4,2,24,1
925,1,0,1,2,6,12,0,4,2,24,1
926,3,1,0,0,6,18,0,4,0,8,3
927,7,1,2,0,2,13,0,0,0,41,2
928,7,1,0,0,6,18,0,4,0,8,3
929,7,1,1,0,0,20,0,4,0,21,2
930,7,1,2,2,6,12,0,4,2,19,1
931,7,1,2,2,6,12,0,4,2,19,1
932,4,2,2,0,2,25,0,4,2,4,3
933,5,3,2,0,5,15,0,4,2,14,1
934,5,3,2,2,6,12,0,4,2,24,1
935,5,3,2,2,6,12,0,0,2,25,1
936,5,3,1,2,6,12,0,0,2,25,1
937,5,3,0,2,6,23,0,4,2,21,1
938,5,3,0,2,6,23,0,4,2,23,1
939,5,3,0,0,2,25,0,4,2,11,3
940,11,1,2,0,2,13,0,0,0,41,2
941,11,1,0,0,6,18,0,4,0,8,3
942,11,1,1,0,0,20,0,4,0,21,2
943,7,2,2,2,6,12,0,4,2,24,1
944,7,2,2,2,6,12,0,0,2,25,1
945,3,2,2,2,6,12,0,4,2,24,1
946,3,2,2,2,6,12,0,0,2,25,1
947,3,2,1,2,6,12,0,4,2,24,1
948,0,3,0,0,2,25,0,4,2,11,3
949,3,2,1,2,6,12,0,4,2,22,1
950,3,2,0,2,6,12,0,4,2,15,1
951,2,1,0,0,6,18,0,4,0,8,3
952,2,1,1,0,0,20,0,4,0,21,2
953,2,1,2,2,6,12,0,4,2,19,1
954,2,1,2,2,6,12,0,4,2,19,1
955,2,3,0,2,6,23,0,4,2,23,1
956,2,3,0,0,2,25,0,4,2,11,3
957,4,3,0,0,2,25,0,4,2,11,3
958,10,1,2,0,2,13,0,0,0,41,2
959,10,1,0,0,6,18,0,4,0,8,3
960,8,0,2,0,5,15,0,4,2,14,1
961,8,0,2,2,6,12,0,4,2,21,1
962,8,0,2,2,6,12,0,4,2,24,1
963,8,0,0,2,6,12,0,4,2,24,1
964,8,0,1,2,6,12,0,4,2,24,1
965,8,0,0,2,5,8,0,4,2,31,1
966,2,2,1,2,6,12,0,4,2,24,1
967,2,2,1,2,6,12,0,4,2,22,1
968,2,2,0,2,6,12,0,4,2,15,1
969,2,2,2,0,2,25,0,4,2,4,3
970,3,3,2,0,5,15,0,4,2,14,1
971,3,3,2,2,6,12,0,4,2,24,1
972,7,3,2,0,5,15,0,4,2,14,1
973,5,4,2,0,2,16,0,4,2,12,2
974,5,4,0,0,6,7,0,2,0,35,3
975,5,4,2,2,6,23,0,4,2,23,1
976,7,3,0,2,6,23,0,4,2,21,1
977,0,4,0,0,6,7,0,2,0,35,3
978,7,3,0,0,2,25,0,4,2,11,3
979,10,2,2,2,6,12,0,0,2,25,1
980,10,2,1,2,6,12,0,4,2,24,1
981,10,2,1,2,6,12,0,4,2,24,1
982,10,2,1,2,6,12,0,4,2,22,1
983,10,2,0,2,6,12,0,4,2,15,1
984,10,2,2,0,2,25,0,4,2,4,3
985,12,0,2,2,6,12,0,4,2,24,1
986,12,0,0,2,6,12,0,4,2,24,1
987,12,0,1,2,6,12,0,4,2,24,1
988,12,0,0,2,5,8,0,4,2,31,1
989,2,3,2,0,5,15,0,4,2,14,1
990,2,3,2,2,6,12,0,4,2,24,1
991,2,3,2,2,6,12,0,0,2,25,1
992,2,3,1,2,6,12,0,0,2,25,1
993,2,3,0,2,6,23,0,4,2,21,1
994,9,3,0,2,6,23,0,4,2,23,1
995,8,3,0,0,2,25,0,4,2,11,3
996,9,2,2,2,6,12,0,4,2,24,1
997,9,2,2,2,6,12,0,0,2,25,1
998,9,2,1,2,6,12,0,4,2,24,1
999,9,2,1,2,6,12,0,4,2,24,1
1000,9,2,1,2,6,12,0,4,2,22,1
1001,9,2,0,2,6,12,0,4,2,15,1
1002,10,3,2,0,5,15,0,4,2,14,1
1003,10,3,2,2,6,12,0,4,2,24,1
1004,5,1,2,0,2,13,0,0,0,41,2
1005,5,1,0,0,6,18,0,4,0,8,3
1006,5,1,1,0,0,20,0,4,0,21,2
1007,7,4,2,0,2,16,0,4,2,12,2
1008,7,4,0,0,6,7,0,2,0,35,3
1009,7,4,2,2,6,23,0,4,2,23,1
1010,2,0,0,2,6,12,0,4,2,24,1
1011,2,0,1,2,6,12,0,4,2,24,1
1012,2,0,0,2,5,8,0,4,2,31,1
1013,1,1,2,2,6,12,0,4,2,19,1
1014,1,1,2,2,6,12,0,4,2,19,1
1015,12,2,1,2,6,12,0,4,2,22,1
1016,1,3,2,0,5,15,0,4,2,14,1
1017,1,3,2,2,6,12,0,4,2,24,1
1018,1,3,2,2,6,12,0,0,2,25,1
1019,1,3,1,2,6,12,0,0,2,25,1
1020,1,3,0,2,6,23,0,4,2,21,1
1021,10,0,2,0,5,15,0,4,2,14,1
1022,4,1,2,0,2,13,0,0,0,41,2
1023,0,2,2,0,2,25,0,4,2,4,3
1024,4,1,1,0,0,20,0,4,0,21,2
1025,4,1,2,2,6,12,0,4,2,19,1
1026,6,3,0,2,6,23,0,4,2,21,1
1027,6,3,0,2,6,23,0,4,2,23,1
1028,5,2,2,0,2,25,0,4,2,4,3
1029,9,3,0,2,6,23,0,4,2,21,1
1030,4,3,1,2,6,12,0,0,2,25,1
1031,4,4,2,2,6,23,0,4,2,23,1
1032,5,0,1,2,6,12,0,4,2,24,1
1033,1,2,1,2,6,12,0,4,2,24,1
1034,1,2,1,2,6,12,0,4,2,22,1
1035,1,2,0,2,6,12,0,4,2,15,1
1036,10,1,1,0,0,20,0,4,0,21,2
1037,8,2,1,2,6,12,0,4,2,24,1
1038,8,2,1,2,6,12,0,4,2,22,1
1039,9,0,2,0,5,15,0,4,2,14,1
1040,3,1,2,0,2,13,0,0,0,41,2
1041,12,1,1,0,0,20,0,4,0,21,2
1042,3,1,1,0,0,20,0,4,0,21,2
1043,3,1,2,2,6,12,0,4,2,19,1
1044,3,1,2,2,6,12,0,4,2,19,1
1045,4,2,1,2,6,12,0,4,2,22,1
1046,4,2,0,2,6,12,0,4,2,15,1
1047,2,0,2,0,5,15,0,4,2,14,1
1048,2,0,2,2,6,12,0,4,2,21,1
1049,1,1,2,0,2,13,0,0,0,41,2
1050,1,1,0,0,6,18,0,4,0,8,3
1051,1,1,1,0,0,20,0,4,0,21,2
1052,11,0,0,2,5,8,0,4,2,31,1
1053,3,3,0,2,6,23,0,4,2,23,1
1054,7,3,0,2,6,23,0,4,2,23,1
1055,10,2,2,2,6,12,0,4,2,24,1
1056,1,4,2,0,2,16,0,4,2,12,2
1057,1,4,0,0,6,7,0,2,0,35,3
1058,1,4,2,2,6,23,0,4,2,23,1
1059,7,2,1,2,6,12,0,4,2,24,1
1060,7,2,1,2,6,12,0,4,2,24,1
1061,7,2,1,2,6,12,0,4,2,22,1
1062,7,2,0,2,6,12,0,4,2,15,1
1063,7,2,2,0,2,25,0,4,2,4,3
1064,9,4,0,0,6,7,0,2,0,35,3
1065,9,4,2,2,6,23,0,4,2,23,1
1066,4,3,2,0,5,15,0,4,2,14,1
1067,4,3,2,2,6,12,0,4,2,24,1
1068,4,3,2,2,6,12,0,0,2,25,1
1069,4,4,0,0,6,7,0,2,0,35,3
1070,8,3,0,2,6,23,0,4,2,23,1
1071,1,2,1,2,6,12,0,4,2,24,1
1072,3,0,1,2,6,12,0,4,2,24,1
1073,5,1,2,2,6,12,0,4,2,19,1
1074,10,1,2,2,6,12,0,4,2,19,1
1075,10,1,2,2,6,12,0,4,2,19,1
1076,11,2,2,2,6,12,0,0,2,25,1
1077,2,2,2,2,6,12,0,4,2,24,1
1078,2,2,2,2,6,12,0,0,2,25,1
1079,2,2,1,2,6,12,0,4,2,24,1
1080,11,2,0,2,6,12,0,4,2,15,1
1081,11,2,2,0,2,25,0,4,2,4,3
1082,10,3,2,2,6,12,0,0,2,25,1
1083,10,3,1,2,6,12,0,0,2,25,1
1084,4,2,1,2,6,12,0,4,2,24,1
1085,6,1,0,0,6,18,0,4,0,8,3
1086,2,0,2,2,6,12,0,4,2,24,1
1087,3,4,0,0,6,7,0,2,0,35,3
1088,3,4,2,2,6,23,0,4,2,23,1
1089,3,3,0,2,6,23,0,4,2,21,1
1090,7,3,2,2,6,12,0,4,2,24,1
1091,7,3,2,2,6,12,0,0,2,25,1
1092,4,0,0,2,5,8,0,4,2,31,1
1093,12,2,1,2,6,12,0,4,2,24,1
1094,12,2,2,0,2,25,0,4,2,4,3
1095,1,2,2,2,6,12,0,4,2,24,1
1096,5,0,0,2,6,12,0,4,2,24,1
1097,6,1,2,0,2,13,0,0,0,41,2
1098,6,1,1,0,0,20,0,4,0,21,2
1099,6,1,2,2,6,12,0,4,2,19,1
1100,6,1,2,2,6,12,0,4,2,19,1
1101,7,0,2,2,6,12,0,4,2,21,1
1102,7,0,2,2,6,12,0,4,2,24,1
1103,7,0,0,2,6,12,0,4,2,24,1
1104,7,0,1,2,6,12,0,4,2,24,1
1105,4,4,2,0,2,16,0,4,2,12,2
1106,9,3,1,2,6,12,0,0,2,25,1
1107,10,4,2,0,2,16,0,4,2,12,2
1108,10,4,0,0,6,7,0,2,0,35,3
1109,3,0,0,2,6,12,0,4,2,24,1
1110,9,0,0,2,6,12,0,4,2,24,1
1111,9,0,1,2,6,12,0,4,2,24,1
1112,5,1,2,2,6,12,0,4,2,19,1
1113,3,3,2,2,6,12,0,0,2,25,1
1114,3,3,1,2,6,12,0,0,2,25,1
1115,12,4,2,2,6,23,0,4,2,23,1
1116,8,2,0,2,6,12,0,4,2,15,1
1117,8,2,2,0,2,25,0,4,2,4,3
1118,4,2,2,2,6,12,0,4,2,24,1
1119,12,2,0,2,6,12,0,4,2,15,1
1120,5,0,2,2,6,12,0,4,2,21,1
1121,10,4,2,2,6,23,0,4,2,23,1
1122,8,1,2,0,2,13,0,0,0,41,2
1123,1,3,0,2,6,23,0,4,2,23,1
1124,1,3,0,0,2,25,0,4,2,11,3
1125,6,3,2,2,6,12,0,4,2,24,1
1126,6,3,2,2,6,12,0,0,2,25,1
1127,11,0,1,2,6,12,0,4,2,24,1
1128,4,0,2,2,6,12,0,4,2,21,1
1129,4,0,2,2,6,12,0,4,2,24,1
1130,7,3,1,2,6,12,0,0,2,25,1
1131,4,0,1,2,6,12,0,4,2,24,1
1132,8,3,0,2,6,23,0,4,2,21,1
1133,12,2,1,2,6,12,0,4,2,24,1
1134,1,2,2,2,6,12,0,0,2,25,1
1135,11,3,0,0,2,25,0,4,2,11,3
1136,11,1,2,2,6,12,0,4,2,19,1
1137,6,4,2,2,6,23,0,4,2,23,1
1138,10,3,0,2,6,23,0,4,2,21,1
1139,3,4,2,0,2,16,0,4,2,12,2
1140,6,3,1,2,6,12,0,0,2,25,1
1141,5,2,1,2,6,12,0,4,2,24,1
1142,5,2,1,2,6,12,0,4,2,22,1
1143,9,3,2,2,6,12,0,0,2,25,1
1144,10,0,0,2,5,8,0,4,2,31,1
1145,11,2,1,2,6,12,0,4,2,22,1
1146,4,2,2,2,6,12,0,0,2,25,1
1147,4,2,1,2,6,12,0,4,2,24,1
1148,8,4,2,2,6,23,0,4,2,23,1
1149,11,3,0,2,6,23,0,4,2,23,1
1150,12,0,2,0,5,15,0,4,2,14,1
1151,12,3,2,0,5,15,0,4,2,14,1
1152,11,0,0,2,6,12,0,4,2,24,1
1153,12,2,2,2,6,12,0,4,2,24,1
1154,11,2,2,2,6,12,0,4,2,24,1
1155,11,2,1,2,6,12,0,4,2,24,1
1156,11,2,1,2,6,12,0,4,2,24,1
1157,12,2,2,2,6,12,0,0,2,25,1
1158,12,1,2,0,2,13,0,0,0,41,2
1159,3,0,2,2,6,12,0,4,2,21,1
1160,5,0,2,2,6,12,0,4,2,24,1
1161,9,0,2,2,6,12,0,4,2,24,1
1162,10,0,1,2,6,12,0,4,2,24,1
1163,6,4,2,0,2,16,0,4,2,12,2
1164,6,0,2,0,5,15,0,4,2,14,1
1165,3,2,1,2,6,12,0,4,2,24,1
1166,8,3,2,0,5,15,0,4,2,14,1
1167,8,3,2,2,6,12,0,4,2,24,1
1168,4,0,0,2,6,12,0,4,2,24,1
1169,8,3,1,2,6,12,0,0,2,25,1
1170,6,2,1,2,6,12,0,4,2,22,1
1171,5,0,2,0,5,15,0,4,2,14,1
1172,3,0,2,2,6,12,0,4,2,24,1
1173,8,4,2,0,2,16,0,4,2,12,2
1174,12,3,0,2,6,23,0,4,2,23,1
1175,8,4,0,0,6,7,0,2,0,35,3
1176,10,3,0,2,6,23,0,4,2,23,1
1177,4,0,2,0,5,15,0,4,2,14,1
1178,11,0,2,2,6,12,0,4,2,24,1
1179,6,2,2,2,6,12,0,0,2,25,1
1180,8,3,2,2,6,12,0,0,2,25,1
1181,6,2,1,2,6,12,0,4,2,24,1
1182,11,4,0,0,6,7,0,2,0,35,3
1183,11,4,2,2,6,23,0,4,2,23,1
1184,3,0,2,0,5,15,0,4,2,14,1
1185,11,3,0,2,6,23,0,4,2,21,1
1186,9,3,2,0,5,15,0,4,2,14,1
1187,11,3,2,2,6,12,0,4,2,24,1
1188,10,0,2,2,6,12,0,4,2,24,1
1189,12,0,2,2,6,12,0,4,2,21,1
1190,6,0,2,2,6,12,0,4,2,24,1
1191,6,2,2,2,6,12,0,4,2,24,1
1192,11,0,2,2,6,12,0,4,2,21,1
1193,6,2,1,2,6,12,0,4,2,24,1
1194,11,4,2,0,2,16,0,4,2,12,2
1195,12,3,1,2,6,12,0,0,2,25,1
1196,12,3,0,2,6,23,0,4,2,21,1
1197,3,2,2,0,2,25,0,4,2,4,3
1198,9,3,2,2,6,12,0,4,2,24,1
1199,9,4,2,0,2,16,0,4,2,12,2
1200,10,0,2,2,6,12,0,4,2,21,1
1201,6,0,0,2,6,12,0,4,2,24,1
1202,11,1,2,2,6,12,0,4,2,19,1
1203,6,0,2,2,6,12,0,4,2,21,1
1204,10,3,0,0,2,25,0,4,2,11,3
1205,7,0,2,0,5,15,0,4,2,14,1
1206,5,2,1,2,6,12,0,4,2,24,1
1207,11,3,2,0,5,15,0,4,2,14,1
1208,4,1,0,0,6,18,0,4,0,8,3
1209,8,1,1,0,0,20,0,4,0,21,2
1210,11,3,2,2,6,12,0,0,2,25,1
1211,11,3,1,2,6,12,0,0,2,25,1
1212,8,1,2,2,6,12,0,4,2,19,1
1213,8,1,2,2,6,12,0,4,2,19,1
1214,11,0,2,0,5,15,0,4,2,14,1
1215,10,0,0,2,6,12,0,4,2,24,1
1216,6,3,2,0,5,15,0,4,2,14,1
1217,5,2,2,2,6,12,0,4,2,24,1
1218,8,1,0,0,6,18,0,4,0,8,3
1219,5,2,2,2,6,12,0,0,2,25,1
1220,6,4,0,0,6,7,0,2,0,35,3
1221,1,2,0,0,6,12,0,4,0,49,3
1222,8,3,2,0,6,11,0,4,0,40,3
1223,0,4,0,0,6,12,0,0,0,50,3
1224,7,3,2,0,6,11,0,4,0,40,3
1225,4,3,2,0,6,11,0,4,0,40,3
1226,4,3,1,2,6,12,0,4,2,24,1
1227,4,4,0,0,6,12,0,0,0,50,3
1228,2,3,2,0,6,11,0,4,0,40,3
1229,5,0,0,0,6,11,0,4,0,44,3
1230,12,4,1,0,6,11,0,0,0,50,3
1231,1,2,3,0,6,7,0,2,0,40,2
1232,5,3,2,0,6,11,0,4,0,40,3
1233,5,3,1,2,6,12,0,4,2,24,1
1234,4,3,0,0,6,11,0,0,0,46,3
1235,4,2,0,0,6,12,0,4,0,49,3
1236,2,3,1,2,6,12,0,4,2,24,1
1237,1,2,2,0,6,11,0,0,0,45,3
1238,2,0,0,0,6,11,0,4,0,44,3
1239,11,0,2,0,6,11,0,4,0,42,3
1240,3,4,0,0,6,12,0,0,0,50,3
1241,5,3,3,0,6,11,0,4,0,41,3
1242,1,1,1,0,5,24,0,4,2,22,2
1243,7,3,3,0,6,11,0,4,0,41,3
1244,4,3,3,0,6,11,0,4,0,41,3
1245,2,2,0,0,6,12,0,4,0,49,3
1246,5,0,2,0,6,11,0,4,0,42,3
1247,2,3,3,0,6,11,0,4,0,41,3
1248,2,3,0,0,6,11,0,0,0,46,3
1249,1,2,1,2,6,23,0,4,2,20,1
1250,7,4,0,0,6,12,0,0,0,50,3
1251,5,3,0,0,6,11,0,0,0,46,3
1252,8,0,2,0,6,11,0,4,0,42,3
1253,11,2,2,0,6,11,0,0,0,45,3
1254,2,1,1,0,5,24,0,4,2,22,2
1255,2,2,2,0,6,11,0,0,0,45,3
1256,8,3,0,0,6,11,0,0,0,46,3
1257,10,4,1,0,6,11,0,0,0,50,3
1258,10,4,0,0,6,12,0,0,0,50,3
1259,4,2,3,0,6,7,0,2,0,40,2
1260,8,3,1,2,6,12,0,4,2,24,1
1261,3,4,1,0,6,11,0,0,0,50,3
1262,3,0,2,0,6,11,0,4,0,42,3
1263,7,4,1,0,6,11,0,0,0,50,3
1264,10,1,2,0,6,11,0,4,0,17,3
1265,3,3,0,0,6,11,0,0,0,46,3
1266,1,1,0,0,5,15,0,4,2,26,1
1267,7,1,2,0,6,11,0,4,0,17,3
1268,7,3,0,0,6,11,0,0,0,46,3
1269,10,4,2,0,6,11,0,4,2,35,3
1270,7,3,1,2,6,12,0,4,2,24,1
1271,4,4,1,0,6,11,0,0,0,50,3
1272,11,3,2,0,6,11,0,4,0,40,3
1273,11,3,1,2,6,12,0,4,2,24,1
1274,3,0,0,0,6,11,0,4,0,44,3
1275,2,0,2,0,6,11,0,4,0,42,3
1276,7,1,1,0,5,24,0,4,2,22,2
1277,11,0,0,0,6,11,0,4,0,44,3
1278,9,2,0,0,6,12,0,4,0,49,3
1279,8,2,0,0,6,12,0,4,0,49,3
1280,3,3,1,2,6,12,0,4,2,24,1
1281,0,4,2,0,6,11,0,4,2,35,3
1282,5,2,0,0,6,12,0,4,0,49,3
1283,3,1,2,0,6,11,0,4,0,17,3
1284,11,2,3,0,6,7,0,2,0,40,2
1285,7,1,0,0,0,10,0,4,2,33,2
1286,6,2,1,2,6,23,0,4,2,20,1
1287,6,4,0,0,6,12,0,0,0,50,3
1288,3,4,2,0,6,11,0,4,2,35,3
1289,1,1,0,0,0,10,0,4,2,33,2
1290,1,1,2,0,6,11,0,4,0,17,3
1291,8,0,0,0,6,11,0,4,0,44,3
1292,11,2,0,0,6,12,0,4,0,49,3
1293,2,1,0,0,5,15,0,4,2,26,1
1294,12,1,2,0,6,11,0,4,0,17,3
1295,5,4,0,0,6,12,0,0,0,50,3
1296,1,4,1,0,6,11,0,0,0,50,3
1297,6,2,2,0,6,11,0,0,0,45,3
1298,10,2,2,0,6,11,0,0,0,45,3
1299,4,2,1,2,6,23,0,4,2,20,1
1300,6,2,3,0,6,7,0,2,0,40,2
1301,7,4,2,0,6,11,0,4,2,35,3
1302,5,1,0,0,5,15,0,4,2,26,1
1303,10,1,0,0,0,10,0,4,2,33,2
1304,4,0,2,0,6,11,0,4,0,42,3
1305,3,3,2,0,6,11,0,4,0,40,3
1306,9,2,1,2,6,23,0,4,2,20,1
1307,0,4,1,0,6,11,0,0,0,50,3
1308,8,3,3,0,6,11,0,4,0,41,3
1309,11,3,0,0,6,11,0,0,0,46,3
1310,3,1,0,0,0,10,0,4,2,33,2
1311,6,2,0,0,6,12,0,4,0,49,3
1312,1,4,0,0,6,12,0,0,0,50,3
1313,7,1,0,0,5,15,0,4,2,26,1
1314,5,1,2,0,6,11,0,4,0,17,3
1315,10,3,1,2,6,12,0,4,2,24,1
1316,10,1,0,0,5,15,0,4,2,26,1
1317,10,1,0,0,5,15,0,4,2,26,1
1318,5,4,2,0,6,11,0,4,2,35,3
1319,5,2,3,0,6,7,0,2,0,40,2
1320,4,0,0,0,6,11,0,4,0,44,3
1321,1,0,0,0,6,11,0,4,0,44,3
1322,10,0,0,0,6,11,0,4,0,44,3
1323,3,1,0,0,5,15,0,4,2,26,1
1324,11,3,3,0,6,11,0,4,0,41,3
1325,1,4,2,0,6,11,0,4,2,35,3
1326,11,1,0,0,0,10,0,4,2,33,2
1327,8,4,1,0,6,11,0,0,0,50,3
1328,5,1,0,0,0,10,0,4,2,33,2
1329,10,3,2,0,6,11,0,4,0,40,3
1330,3,3,3,0,6,11,0,4,0,41,3
1331,8,2,2,0,6,11,0,0,0,45,3
1332,10,1,1,0,5,24,0,4,2,22,2
1333,2,1,0,0,0,10,0,4,2,33,2
1334,5,4,1,0,6,11,0,0,0,50,3
1335,5,2,2,0,6,11,0,0,0,45,3
1336,9,4,0,0,6,12,0,0,0,50,3
1337,12,1,1,0,5,24,0,4,2,22,2
1338,8,4,0,0,6,12,0,0,0,50,3
1339,2,2,3,0,6,7,0,2,0,40,2
1340,10,3,0,0,6,11,0,0,0,46,3
1341,1,0,2,0,6,11,0,4,0,42,3
1342,2,4,0,0,6,12,0,0,0,50,3
1343,6,3,1,2,6,12,0,4,2,24,1
1344,5,2,1,2,6,23,0,4,2,20,1
1345,4,4,2,0,6,11,0,4,2,35,3
1346,2,1,2,0,6,11,0,4,0,17,3
1347,12,1,0,0,5,15,0,4,2,26,1
1348,11,1,2,0,6,11,0,4,0,17,3
1349,9,4,2,0,6,11,0,4,2,35,3
1350,4,2,2,0,6,11,0,0,0,45,3
1351,0,3,2,0,6,11,0,4,0,40,3
1352,0,0,0,0,6,11,0,4,0,44,3
1353,2,2,1,2,6,23,0,4,2,20,1
1354,10,3,3,0,6,11,0,4,0,41,3
1355,2,4,1,0,6,11,0,0,0,50,3
1356,6,3,3,0,6,11,0,4,0,41,3
1357,6,3,2,0,6,11,0,4,0,40,3
1358,11,4,0,0,6,12,0,0,0,50,3
1359,12,3,1,2,6,12,0,4,2,24,1
1360,7,2,1,2,6,23,0,4,2,20,1
1361,8,2,3,0,6,7,0,2,0,40,2
1362,0,2,3,0,6,7,0,2,0,40,2
1363,12,1,0,0,5,15,0,4,2,26,1
1364,0,0,2,0,6,11,0,4,0,42,3
1365,11,1,0,0,5,15,0,4,2,26,1
1366,10,2,0,0,6,12,0,4,0,49,3
1367,10,2,3,0,6,7,0,2,0,40,2
1368,7,2,0,0,6,12,0,4,0,49,3
1369,2,4,2,0,6,11,0,4,2,35,3
1370,11,4,2,0,6,11,0,4,2,35,3
1371,3,2,1,2,6,23,0,4,2,20,1
1372,8,2,1,2,6,23,0,4,2,20,1
1373,12,3,2,0,6,11,0,4,0,40,3
1374,6,1,1,0,5,24,0,4,2,22,2
1375,8,1,1,0,5,24,0,4,2,22,2
1376,0,2,0,0,6,12,0,4,0,49,3
1377,6,1,0,0,5,15,0,4,2,26,1
1378,0,3,3,0,6,11,0,4,0,41,3
1379,6,4,1,0,6,11,0,0,0,50,3
1380,0,1,2,0,6,11,0,4,0,17,3
1381,6,3,0,0,6,11,0,0,0,46,3
1382,8,4,2,0,6,11,0,4,2,35,3
1383,4,1,0,0,5,15,0,4,2,26,1
1384,7,0,0,0,6,11,0,4,0,44,3
1385,10,0,2,0,6,11,0,4,0,42,3
1386,8,1,0,0,5,15,0,4,2,26,1
1387,1,3,2,0,6,11,0,4,0,40,3
1388,7,2,3,0,6,7,0,2,0,40,2
1389,8,1,0,0,0,10,0,4,2,33,2
1390,6,0,0,0,6,11,0,4,0,44,3
1391,7,2,2,0,6,11,0,0,0,45,3
1392,11,4,1,0,6,11,0,0,0,50,3
1393,4,1,0,0,0,10,0,4,2,33,2
1394,4,1,2,0,6,11,0,4,0,17,3
1395,3,2,2,0,6,11,0,0,0,45,3
1396,0,1,0,0,0,10,0,4,2,33,2
1397,6,1,0,0,0,10,0,4,2,33,2
1398,3,2,3,0,6,7,0,2,0,40,2
1399,0,2,2,0,6,11,0,0,0,45,3
1400,1,3,1,2,6,12,0,4,2,24,1
1401,0,3,0,0,6,11,0,0,0,46,3
1402,8,1,2,0,6,11,0,4,0,17,3
1403,6,0,2,0,6,11,0,4,0,42,3
1404,11,1,0,0,5,15,0,4,2,26,1
1405,11,1,1,0,5,24,0,4,2,22,2
1406,10,2,1,2,6,23,0,4,2,20,1
1407,3,2,0,0,6,12,0,4,0,49,3
1408,6,1,2,0,6,11,0,4,0,17,3
1409,0,1,1,0,5,24,0,4,2,22,2
1410,1,3,3,0,6,11,0,4,0,41,3
1411,1,3,0,0,6,11,0,0,0,46,3
1412,7,4,0,0,5,28,0,2,2,271,1
1413,8,0,0,0,2,17,1,4,1,303,1
1414,7,4,2,0,4,26,1,4,2,404,1
1415,4,2,0,0,6,30,0,4,2,269,2
1416,1,2,2,0,5,8,0,4,2,381,2
1417,2,3,0,0,5,28,0,2,2,231,1
1418,3,3,1,0,5,8,0,4,2,447,1
1419,1,2,3,0,6,18,0,4,2,374,2
1420,3,0,1,0,4,26,1,4,2,404,1
1421,7,4,2,0,5,8,0,4,2,291,2
1422,2,1,1,0,6,23,0,4,2,296,2
1423,3,4,1,0,6,18,0,4,2,400,2
1424,3,4,0,0,6,18,0,4,2,416,2
1425,3,4,2,0,5,8,0,4,2,291,2
1426,8,0,0,0,5,8,0,4,2,447,1
1427,2,4,0,0,5,28,0,2,2,271,1
1428,9,3,1,0,5,8,0,4,2,447,1
1429,7,4,0,0,6,18,0,4,2,416,2
1430,1,2,2,0,6,18,0,4,2,397,2
1431,4,3,2,0,4,26,1,4,2,404,1
1432,3,4,2,0,4,26,1,4,2,404,1
1433,2,3,0,0,2,17,1,4,1,321,1
1434,3,0,3,1,2,25,0,4,2,326,1
1435,2,3,2,0,4,26,1,4,2,404,1
1436,9,3,2,0,4,26,1,4,2,404,1
1437,4,3,0,0,6,23,0,4,2,455,2
1438,3,4,3,0,2,16,0,4,0,344,3
1439,3,1,2,0,5,8,0,4,2,399,2
1440,7,1,2,0,5,8,0,4,2,399,2
1441,7,1,1,0,6,23,0,4,2,296,2
1442,9,3,2,0,5,8,0,4,2,399,2
1443,2,3,2,0,5,8,0,4,2,399,2
1444,3,1,1,0,6,23,0,4,2,296,2
1445,5,2,0,0,6,30,0,4,2,269,2
1446,5,0,0,0,5,8,0,4,2,447,1
1447,7,4,1,0,6,18,0,4,2,400,2
1448,7,1,2,0,2,16,0,4,2,418,2
1449,4,4,2,0,5,8,0,4,2,291,2
1450,2,1,2,0,5,8,0,4,2,399,2
1451,4,3,2,0,5,8,0,4,2,399,2
1452,2,0,0,0,5,8,0,4,2,447,1
1453,10,1,1,0,5,15,0,4,2,386,1
1454,2,3,1,0,5,8,0,4,2,447,1
1455,2,4,2,0,4,26,1,4,2,404,1
1456,4,3,0,0,2,17,1,4,1,321,1
1457,6,3,0,0,5,28,0,2,2,231,1
1458,3,1,1,0,5,15,0,4,2,386,1
1459,5,0,2,0,5,8,0,4,2,306,2
1460,4,4,1,0,6,18,0,4,2,400,2
1461,4,2,1,0,2,25,0,4,2,399,3
1462,7,1,0,0,6,18,0,4,2,421,2
1463,5,1,2,0,2,16,0,4,2,418,2
1464,2,0,2,0,5,8,0,4,2,306,2
1465,5,3,0,0,2,17,1,4,1,321,1
1466,6,3,2,0,4,26,1,4,2,404,1
1467,2,3,0,0,6,23,0,4,2,455,2
1468,3,1,0,0,6,18,0,4,2,421,2
1469,2,1,1,0,5,15,0,4,2,386,1
1470,7,1,1,0,5,15,0,4,2,386,1
1471,3,1,2,0,2,16,0,4,2,418,2
1472,4,4,0,0,6,18,0,4,2,416,2
1473,2,1,2,0,2,16,0,4,2,418,2
1474,4,4,2,0,4,26,1,4,2,404,1
1475,2,0,0,0,2,17,1,4,1,303,1
1476,4,3,0,0,5,28,0,2,2,231,1
1477,1,2,1,0,2,25,0,4,2,399,3
1478,3,3,2,0,5,8,0,4,2,399,2
1479,3,3,2,0,4,26,1,4,2,404,1
1480,3,3,0,0,5,28,0,2,2,231,1
1481,3,1,3,0,6,11,0,4,2,133,2
1482,1,0,1,0,4,26,1,4,2,404,1
1483,4,4,3,0,2,16,0,4,0,344,3
1484,5,2,2,0,5,8,0,4,2,381,2
1485,4,2,3,0,6,18,0,4,2,374,2
1486,2,0,0,0,5,4,0,4,2,238,1
1487,3,4,1,0,2,16,0,4,2,418,1
1488,4,4,0,0,5,28,0,2,2,271,1
1489,5,1,0,0,6,18,0,4,2,421,2
1490,1,1,3,0,6,11,0,4,2,133,2
1491,10,1,2,0,2,16,0,4,2,418,2
1492,4,1,1,0,6,23,0,4,2,296,2
1493,1,1,2,0,2,16,0,4,2,418,2
1494,1,1,0,0,6,18,0,4,2,421,2
1495,3,4,0,0,5,28,0,2,2,271,1
1496,8,2,0,0,6,30,0,4,2,269,2
1497,9,0,0,0,2,17,1,4,1,303,1
1498,11,4,0,0,5,28,0,2,2,271,1
1499,9,3,0,0,6,23,0,4,2,455,2
1500,6,2,1,0,2,25,0,4,2,399,3
1501,4,2,2,0,5,8,0,4,2,381,2
1502,12,4,3,0,2,16,0,4,0,344,3
1503,4,0,2,0,5,8,0,4,2,306,2
1504,2,1,3,0,6,11,0,4,2,133,2
1505,2,4,2,0,5,8,0,4,2,291,2
1506,4,1,2,0,5,8,0,4,2,399,2
1507,3,2,0,0,6,30,0,4,2,269,2
1508,1,1,1,0,6,23,0,4,2,296,2
1509,10,4,3,0,2,16,0,4,0,344,3
1510,10,4,1,0,6,18,0,4,2,400,2
1511,4,2,2,0,6,18,0,4,2,397,2
1512,2,1,0,0,6,18,0,4,2,421,2
1513,10,4,0,0,5,28,0,2,2,271,1
1514,5,1,1,0,6,23,0,4,2,296,2
1515,2,4,0,0,6,18,0,4,2,416,2
1516,8,0,2,0,5,8,0,4,2,306,2
1517,0,4,1,0,2,16,0,4,2,418,1
1518,1,0,2,0,5,8,0,4,2,306,2
1519,10,1,0,0,6,18,0,4,2,421,2
1520,4,4,1,0,2,16,0,4,2,418,1
1521,5,0,0,0,2,17,1,4,1,303,1
1522,8,3,0,0,6,23,0,4,2,455,2
1523,10,4,2,0,5,8,0,4,2,291,2
1524,4,3,1,0,5,8,0,4,2,447,1
1525,8,3,2,0,5,8,0,4,2,399,2
1526,5,1,2,0,5,8,0,4,2,399,2
1527,11,0,2,0,5,8,0,4,2,306,2
1528,11,4,0,0,6,18,0,4,2,416,2
1529,4,0,0,0,5,8,0,4,2,447,1
1530,5,3,0,0,6,23,0,4,2,455,2
1531,9,2,2,0,5,8,0,4,2,381,2
1532,9,0,0,0,5,8,0,4,2,447,1
1533,9,0,2,0,5,8,0,4,2,306,2
1534,3,0,0,0,5,8,0,4,2,447,1
1535,5,1,1,0,5,15,0,4,2,386,1
1536,10,3,0,0,6,23,0,4,2,455,2
1537,2,2,1,0,2,25,0,4,2,399,3
1538,10,3,1,0,5,8,0,4,2,447,1
1539,6,3,2,0,5,8,0,4,2,399,2
1540,1,2,0,0,6,30,0,4,2,269,2
1541,3,2,2,0,5,8,0,4,2,381,2
1542,11,4,2,0,5,8,0,4,2,291,2
1543,4,0,1,1,2,25,0,4,2,354,2
1544,4,0,1,0,4,26,1,4,2,404,1
1545,0,4,0,0,6,18,0,4,2,416,2
1546,1,4,3,0,2,16,0,4,0,344,3
1547,10,4,0,0,6,18,0,4,2,416,2
1548,6,2,0,0,6,30,0,4,2,269,2
1549,11,3,2,0,4,26,1,4,2,404,1
1550,11,2,0,0,6,30,0,4,2,269,2
1551,3,3,0,0,2,17,1,4,1,321,1
1552,3,3,0,0,6,23,0,4,2,455,2
1553,10,3,2,0,4,26,1,4,2,404,1
1554,11,0,0,0,5,8,0,4,2,447,1
1555,3,2,1,0,2,25,0,4,2,399,3
1556,4,1,0,0,6,18,0,4,2,421,2
1557,6,2,3,0,6,18,0,4,2,374,2
1558,6,2,2,0,6,18,0,4,2,397,2
1559,6,2,2,0,5,8,0,4,2,381,2
1560,7,4,3,0,2,16,0,4,0,344,3
1561,10,4,2,0,4,26,1,4,2,404,1
1562,8,4,0,0,5,28,0,2,2,271,1
1563,2,2,0,0,6,30,0,4,2,269,2
1564,2,4,1,0,2,16,0,4,2,418,1
1565,6,3,0,0,6,23,0,4,2,455,2
1566,8,1,2,0,5,8,0,4,2,399,2
1567,3,2,3,0,6,18,0,4,2,374,2
1568,9,2,2,0,6,18,0,4,2,397,2
1569,1,0,0,0,5,8,0,4,2,447,1
1570,9,2,1,0,2,25,0,4,2,399,3
1571,9,2,0,0,6,30,0,4,2,269,2
1572,3,0,2,0,5,8,0,4,2,306,2
1573,8,3,1,0,5,8,0,4,2,447,1
1574,11,3,0,0,6,23,0,4,2,455,2
1575,10,3,2,0,5,8,0,4,2,399,2
1576,4,0,0,0,5,4,0,4,2,238,1
1577,4,0,0,0,2,17,1,4,1,303,1
1578,11,0,0,0,2,17,1,4,1,303,1
1579,5,4,3,0,2,16,0,4,0,344,3
1580,0,4,3,0,2,16,0,4,0,344,3
1581,0,4,1,0,6,18,0,4,2,400,2
1582,0,4,2,0,5,8,0,4,2,291,2
1583,9,0,3,1,2,25,0,4,2,326,1
1584,7,4,1,0,2,16,0,4,2,418,1
1585,2,2,2,0,6,18,0,4,2,397,2
1586,2,2,2,0,5,8,0,4,2,381,2
1587,2,4,1,0,6,18,0,4,2,400,2
1588,0,3,0,0,5,28,0,2,2,231,1
1589,6,3,0,0,2,17,1,4,1,321,1
1590,4,1,2,0,2,16,0,4,2,418,2
1591,5,0,0,0,5,4,0,4,2,238,1
1592,5,2,3,0,6,18,0,4,2,374,2
1593,5,2,2,0,6,18,0,4,2,397,2
1594,5,2,1,0,2,25,0,4,2,399,3
1595,11,3,1,0,5,8,0,4,2,447,1
1596,11,2,2,0,5,8,0,4,2,381,2
1597,11,3,2,0,5,8,0,4,2,399,2
1598,11,2,2,0,6,18,0,4,2,397,2
1599,6,0,3,1,2,25,0,4,2,326,1
1600,1,0,0,0,2,17,1,4,1,303,1
1601,1,0,0,0,5,4,0,4,2,238,1
1602,8,2,2,0,5,8,0,4,2,381,2
1603,8,2,1,0,2,25,0,4,2,399,3
1604,10,4,1,0,2,16,0,4,2,418,1
1605,2,2,3,0,6,18,0,4,2,374,2
1606,8,4,2,0,5,8,0,4,2,291,2
1607,11,2,3,0,6,18,0,4,2,374,2
1608,0,4,0,0,5,28,0,2,2,271,1
1609,1,4,0,0,6,18,0,4,2,416,2
1610,6,3,1,0,5,8,0,4,2,447,1
1611,2,4,3,0,2,16,0,4,0,344,3
1612,0,3,2,0,5,8,0,4,2,399,2
1613,5,4,1,0,2,16,0,4,2,418,1
1614,5,4,1,0,6,18,0,4,2,400,2
1615,5,3,1,0,5,8,0,4,2,447,1
1616,0,4,2,0,4,26,1,4,2,404,1
1617,8,4,0,0,6,18,0,4,2,416,2
1618,7,0,0,0,5,8,0,4,2,447,1
1619,5,3,2,0,5,8,0,4,2,399,2
1620,11,3,0,0,2,17,1,4,1,321,1
1621,10,2,3,0,6,18,0,4,2,374,2
1622,1,4,2,0,5,8,0,4,2,291,2
1623,0,3,2,0,4,26,1,4,2,404,1
1624,3,2,2,0,6,18,0,4,2,397,2
1625,11,4,1,0,6,18,0,4,2,400,2
1626,7,2,0,0,6,30,0,4,2,269,2
1627,9,4,2,0,4,26,1,4,2,404,1
1628,9,4,0,0,5,28,0,2,2,271,1
1629,8,0,1,1,2,25,0,4,2,354,2
1630,7,0,0,0,2,17,1,4,1,303,1
1631,10,1,2,0,5,8,0,4,2,399,2
1632,7,0,2,0,5,8,0,4,2,306,2
1633,6,4,1,0,2,16,0,4,2,418,1
1634,5,4,0,0,5,28,0,2,2,271,1
1635,1,4,1,0,6,18,0,4,2,400,2
1636,0,0,2,0,5,8,0,4,2,306,2
1637,7,2,2,0,6,18,0,4,2,397,2
1638,8,1,1,0,6,23,0,4,2,296,2
1639,7,2,1,0,2,25,0,4,2,399,3
1640,10,1,1,0,6,23,0,4,2,296,2
1641,1,4,1,0,2,16,0,4,2,418,1
1642,1,1,2,0,5,8,0,4,2,399,2
1643,11,4,3,0,2,16,0,4,0,344,3
1644,8,4,1,0,6,18,0,4,2,400,2
1645,4,1,3,0,6,11,0,4,2,133,2
1646,0,0,0,0,5,8,0,4,2,447,1
1647,0,1,2,0,5,8,0,4,2,399,2
1648,6,0,2,0,5,8,0,4,2,306,2
1649,7,2,2,0,5,8,0,4,2,381,2
1650,6,1,2,0,5,8,0,4,2,399,2
1651,5,4,2,0,5,8,0,4,2,291,2
1652,3,0,0,0,2,17,1,4,1,303,1
1653,5,4,2,0,4,26,1,4,2,404,1
1654,10,0,0,0,2,17,1,4,1,303,1
1655,11,1,1,0,6,23,0,4,2,296,2
1656,10,0,0,0,5,8,0,4,2,447,1
1657,8,4,1,0,2,16,0,4,2,418,1
1658,0,2,1,0,2,25,0,4,2,399,3
1659,7,3,2,0,5,8,0,4,2,399,2
1660,0,1,1,0,6,23,0,4,2,296,2
1661,6,0,0,0,5,8,0,4,2,447,1
1662,6,4,0,0,5,28,0,2,2,271,1
1663,0,2,0,0,6,30,0,4,2,269,2
1664,3,0,0,0,5,4,0,4,2,238,1
1665,8,2,2,0,6,18,0,4,2,397,2
1666,9,4,2,0,5,8,0,4,2,291,2
1667,10,2,0,0,6,30,0,4,2,269,2
1668,11,1,2,0,5,8,0,4,2,399,2
1669,8,1,2,0,2,16,0,4,2,418,2
1670,11,1,0,0,6,18,0,4,2,421,2
1671,7,0,0,0,5,4,0,4,2,238,1
1672,0,1,0,0,6,18,0,4,2,421,2
1673,10,2,2,0,5,8,0,4,2,381,2
1674,1,3,0,0,5,28,0,2,2,231,1
1675,4,1,1,0,5,15,0,4,2,386,1
1676,5,4,0,0,6,18,0,4,2,416,2
1677,9,4,0,0,6,18,0,4,2,416,2
1678,6,1,1,0,6,23,0,4,2,296,2
1679,6,4,2,0,5,8,0,4,2,291,2
1680,6,1,1,0,5,15,0,4,2,386,1
1681,6,4,2,0,4,26,1,4,2,404,1
1682,0,2,3,0,6,18,0,4,2,374,2
1683,0,2,2,0,5,8,0,4,2,381,2
1684,0,1,1,0,5,15,0,4,2,386,1
1685,10,2,2,0,6,18,0,4,2,397,2
1686,10,2,1,0,2,25,0,4,2,399,3
1687,9,4,3,0,2,16,0,4,0,344,3
1688,10,0,2,0,5,8,0,4,2,306,2
1689,6,1,0,0,6,18,0,4,2,421,2
1690,11,4,1,0,2,16,0,4,2,418,1
1691,6,4,0,0,6,18,0,4,2,416,2
1692,1,3,2,0,5,8,0,4,2,399,2
1693,11,1,1,0,5,15,0,4,2,386,1
1694,6,4,3,0,2,16,0,4,0,344,3
1695,7,3,0,0,6,23,0,4,2,455,2
1696,5,3,2,0,4,26,1,4,2,404,1
1697,8,1,0,0,6,18,0,4,2,421,2
1698,6,0,0,0,2,17,1,4,1,303,1
1699,0,3,1,0,5,8,0,4,2,447,1
1700,9,4,1,0,6,18,0,4,2,400,2
1701,0,2,2,0,6,18,0,4,2,397,2
1702,9,4,1,0,2,16,0,4,2,418,1
1703,0,3,0,0,2,17,1,4,1,321,1
1704,1,3,0,0,2,17,1,4,1,321,1
1705,6,1,2,0,2,16,0,4,2,418,2
1706,7,3,1,0,5,8,0,4,2,447,1
1707,6,4,1,0,6,18,0,4,2,400,2
1708,7,2,3,0,6,18,0,4,2,374,2
1709,8,1,3,0,6,11,0,4,2,133,2
1710,1,3,1,0,5,8,0,4,2,447,1
1711,11,1,2,0,2,16,0,4,2,418,2
1712,0,0,1,0,4,26,1,4,2,404,1
1713,12,0,3,1,2,25,0,4,2,326,1
1714,7,3,2,0,4,26,1,4,2,404,1
1715,1,4,2,0,4,26,1,4,2,404,1
1716,1,3,2,0,4,26,1,4,2,404,1
1717,0,3,0,0,6,23,0,4,2,455,2
1718,1,3,0,0,6,23,0,4,2,455,2
1719,0,0,0,0,2,17,1,4,1,303,1
1720,8,1,1,0,5,15,0,4,2,386,1
1721,1,4,0,0,5,28,0,2,2,271,1
1722,0,1,3,0,6,11,0,4,2,133,2
1723,0,1,2,0,2,16,0,4,2,418,2
1724,4,3,2,0,2,2,0,4,2,159,2
1725,4,3,0,0,2,21,1,3,2,185,2
1726,5,1,1,0,6,12,0,4,0,79,3
1727,4,4,0,0,2,21,0,4,2,211,1
1728,2,1,0,0,5,28,0,4,2,81,1
1729,4,3,1,0,2,2,1,1,0,163,1
1730,3,1,1,0,6,12,0,4,0,79,3
1731,2,1,2,0,5,28,0,2,2,128,1
1732,2,4,2,0,4,26,0,4,2,102,2
1733,4,4,1,0,6,18,1,4,1,157,2
1734,4,4,2,0,3,5,1,4,2,90,1
1735,7,4,0,0,2,21,0,4,2,211,1
1736,3,4,1,0,6,18,1,4,1,157,2
1737,9,4,0,0,2,25,1,1,2,197,2
1738,2,1,0,0,6,32,0,4,2,145,1
1739,10,4,0,0,2,21,0,4,2,211,1
1740,8,4,0,0,2,25,1,1,2,197,2
1741,4,4,2,0,2,25,0,4,2,212,1
1742,4,3,2,0,0,31,0,4,2,120,1
1743,2,3,2,0,0,31,0,4,2,120,1
1744,3,1,0,0,6,32,0,4,2,145,1
1745,2,4,3,0,2,25,0,4,0,193,3
1746,2,1,2,0,5,28,0,2,2,137,1
1747,3,0,0,0,6,7,0,4,2,167,2
1748,7,1,0,0,5,4,0,4,2,57,1
1749,10,4,3,0,2,25,0,4,0,193,3
1750,10,4,2,0,4,26,0,4,2,102,2
1751,2,0,2,0,3,14,1,1,1,181,3
1752,2,1,1,0,6,12,0,4,0,79,3
1753,2,3,1,0,2,2,1,1,0,163,1
1754,10,4,1,0,6,18,1,4,1,157,2
1755,2,1,0,0,2,13,0,4,2,125,3
1756,3,0,2,0,0,31,0,4,2,32,1
1757,4,4,3,0,2,25,0,4,0,193,3
1758,2,4,2,0,2,25,0,4,2,212,1
1759,4,4,2,0,4,26,0,4,2,102,2
1760,2,4,0,0,2,25,1,1,2,197,2
1761,2,1,2,0,2,25,0,4,2,212,1
1762,2,3,0,0,2,21,1,3,2,185,2
1763,3,0,2,0,2,25,0,4,2,226,1
1764,9,0,2,0,3,14,1,1,1,181,3
1765,4,1,0,0,5,28,0,4,2,81,1
1766,9,0,0,0,6,7,0,4,2,167,2
1767,3,0,2,0,3,14,1,1,1,181,3
1768,9,0,2,0,2,25,0,4,2,226,1
1769,2,2,1,0,6,11,0,4,2,194,2
1770,2,2,0,0,6,18,0,4,0,160,2
1771,5,1,0,0,2,13,0,4,2,125,3
1772,10,3,2,0,2,2,0,4,2,159,2
1773,11,4,0,0,2,25,1,1,2,197,2
1774,4,4,0,0,2,25,1,1,2,197,2
1775,3,1,0,0,2,13,0,4,2,125,3
1776,2,4,2,0,3,5,1,4,2,90,1
1777,9,2,0,0,5,24,0,4,2,105,2
1778,5,2,0,0,5,24,0,4,2,105,2
1779,9,3,2,0,0,31,0,4,2,120,1
1780,6,3,2,0,0,31,0,4,2,120,1
1781,8,3,1,0,2,2,1,1,0,163,1
1782,2,0,0,0,6,7,0,4,2,167,2
1783,2,0,2,0,0,31,0,4,2,32,1
1784,1,2,2,0,6,23,0,4,2,149,2
1785,1,0,0,0,6,7,0,4,2,167,2
1786,2,3,2,0,2,2,0,4,2,159,2
1787,1,0,2,0,2,25,0,4,2,226,1
1788,6,2,0,0,6,18,0,4,0,160,2
1789,10,1,2,0,2,25,0,4,2,212,1
1790,10,1,2,0,5,28,0,2,2,137,1
1791,10,1,0,0,5,24,0,4,0,45,2
1792,4,2,1,0,6,11,0,4,2,194,2
1793,11,4,2,0,4,26,0,4,2,102,2
1794,11,4,2,0,2,25,0,4,2,212,1
1795,3,1,0,0,5,28,0,4,2,81,1
1796,2,4,1,0,6,18,1,4,1,157,2
1797,1,0,2,0,0,31,0,4,2,32,1
1798,2,4,0,0,2,21,0,4,2,211,1
1799,9,2,2,0,6,23,0,4,2,149,2
1800,4,1,2,0,5,28,0,2,2,137,1
1801,6,1,0,0,5,28,0,4,2,81,1
1802,3,1,2,0,2,25,0,4,2,212,1
1803,3,1,2,0,5,28,0,2,2,137,1
1804,1,2,1,0,6,11,0,4,2,194,2
1805,1,2,0,0,6,18,0,4,0,160,2
1806,0,1,2,0,5,28,0,2,2,128,1
1807,9,2,0,0,6,18,0,4,0,160,2
1808,0,1,0,0,5,28,0,4,2,81,1
1809,8,2,0,0,6,18,0,4,0,160,2
1810,6,3,0,0,2,21,1,3,2,185,2
1811,11,2,1,0,6,11,0,4,2,194,2
1812,11,4,2,0,4,26,0,4,2,102,2
1813,8,4,2,0,4,26,0,4,2,102,2
1814,3,1,2,0,5,28,0,2,2,128,1
1815,4,0,2,0,3,14,1,1,1,181,3
1816,9,2,1,0,6,11,0,4,2,194,2
1817,5,0,2,0,3,14,1,1,1,181,3
1818,1,0,2,0,3,14,1,1,1,181,3
1819,4,1,2,0,5,28,0,2,2,128,1
1820,6,2,1,0,6,11,0,4,2,194,2
1821,6,1,2,0,5,28,0,2,2,128,1
1822,8,1,0,0,5,28,0,4,2,81,1
1823,2,2,2,0,6,23,0,4,2,149,2
1824,11,0,2,0,3,14,1,1,1,181,3
1825,10,3,1,0,2,2,1,1,0,163,3
1826,3,4,2,0,3,5,1,4,2,90,1
1827,8,2,1,0,6,11,0,4,2,194,2
1828,12,1,1,0,6,12,0,4,0,79,3
1829,8,0,0,0,6,7,0,4,2,167,2
1830,10,1,1,0,6,12,0,4,0,79,3
1831,9,4,3,0,2,25,0,4,0,193,3
1832,8,3,2,0,2,2,0,4,2,159,2
1833,6,2,0,0,5,24,0,4,2,105,2
1834,11,2,2,0,6,23,0,4,2,149,3
1835,5,1,2,0,2,25,0,4,2,212,1
1836,6,3,2,0,2,2,0,4,2,159,2
1837,8,1,2,0,5,28,0,2,2,137,1
1838,4,1,1,0,6,12,0,4,0,79,3
1839,4,1,2,0,2,25,0,4,2,212,1
1840,11,4,0,0,2,21,0,4,2,211,1
1841,8,4,1,0,6,18,1,4,1,157,2
1842,8,4,0,0,2,21,0,4,2,211,1
1843,5,0,2,0,2,25,0,4,2,226,1
1844,11,2,0,0,6,18,0,4,0,160,2
1845,9,4,2,0,4,26,0,4,2,102,2
1846,11,3,1,0,2,2,1,1,0,163,1
1847,4,2,0,0,6,18,0,4,0,160,2
1848,4,2,2,0,6,23,0,4,2,149,2
1849,10,4,2,0,4,26,0,4,2,102,2
1850,7,1,2,0,5,28,0,2,2,137,1
1851,1,2,0,0,5,24,0,4,2,105,2
1852,8,0,2,0,3,14,1,1,1,181,3
1853,11,4,1,0,6,18,1,4,1,157,2
1854,3,4,3,0,2,25,0,4,0,193,3
1855,3,4,2,0,4,26,0,4,2,102,2
1856,6,2,2,0,6,23,0,4,2,149,2
1857,9,3,2,0,2,2,0,4,2,159,2
1858,9,4,2,0,4,26,0,4,2,102,2
1859,11,2,0,0,5,24,0,4,2,105,2
1860,7,0,2,0,2,25,0,4,2,226,1
1861,0,3,2,0,0,31,0,4,2,120,1
1862,7,2,2,0,6,23,0,4,2,149,2
1863,7,2,0,0,5,24,0,4,2,105,2
1864,5,0,0,0,6,7,0,4,2,167,2
1865,5,1,2,0,5,28,0,2,2,128,1
1866,6,4,0,0,2,25,1,1,2,197,2
1867,6,0,2,0,2,25,0,4,2,226,1
1868,5,2,1,0,6,11,0,4,2,194,2
1869,5,2,2,0,6,23,0,4,2,149,2
1870,3,2,0,0,5,24,0,4,2,105,2
1871,11,4,3,0,2,25,0,4,0,193,3
1872,11,0,0,0,6,7,0,4,2,167,2
1873,4,0,0,0,6,7,0,4,2,167,2
1874,7,1,2,0,5,28,0,2,2,128,1
1875,1,4,0,0,2,25,1,1,2,197,2
1876,10,4,0,0,2,25,1,1,2,197,2
1877,5,2,0,0,6,18,0,4,0,160,2
1878,3,2,2,0,6,23,0,4,2,149,2
1879,3,3,2,0,0,31,0,4,2,120,1
1880,0,4,0,0,2,21,0,4,2,211,1
1881,0,4,3,0,2,25,0,4,0,193,3
1882,0,3,0,0,2,21,1,3,2,185,2
1883,0,1,2,0,5,28,0,2,2,137,1
1884,4,2,0,0,5,24,0,4,2,105,2
1885,1,3,2,0,0,31,0,4,2,120,1
1886,8,1,2,0,2,25,0,4,2,212,1
1887,3,2,1,0,6,11,0,4,2,194,2
1888,3,3,0,0,2,21,1,3,2,185,2
1889,6,1,2,0,2,25,0,4,2,212,1
1890,6,1,2,0,5,28,0,2,2,137,1
1891,1,1,2,0,2,25,0,4,2,212,1
1892,0,1,2,0,2,25,0,4,2,212,1
1893,5,1,2,0,5,28,0,2,2,137,1
1894,6,0,0,0,6,7,0,4,2,167,2
1895,1,4,2,0,4,26,0,4,2,102,2
1896,7,2,1,0,6,11,0,4,2,194,2
1897,3,3,2,0,2,2,0,4,2,159,2
1898,3,2,0,0,6,18,0,4,0,160,2
1899,6,1,0,0,5,24,0,4,0,45,2
1900,7,4,3,0,2,25,0,4,0,193,3
1901,0,4,1,0,6,18,1,4,1,157,2
1902,3,4,2,0,2,25,0,4,2,212,1
1903,5,3,2,0,2,2,0,4,2,159,2
1904,1,1,0,0,6,32,0,4,2,145,1
1905,1,1,2,0,5,28,0,2,2,137,1
1906,1,4,2,0,2,25,0,4,2,212,1
1907,0,1,1,0,6,12,0,4,0,79,3
1908,6,0,2,0,3,14,1,1,1,181,3
1909,7,2,0,0,6,18,0,4,0,160,2
1910,3,3,1,0,2,2,1,1,0,163,1
1911,4,1,0,0,2,13,0,4,2,125,3
1912,10,0,2,0,2,25,0,4,2,226,1
1913,9,4,0,0,2,21,0,4,2,211,1
1914,1,1,1,0,6,12,0,4,0,79,3
1915,0,3,1,0,2,2,1,1,0,163,3
1916,0,3,2,0,2,2,0,4,2,159,2
1917,1,4,3,0,2,25,0,4,0,193,3
1918,6,4,0,0,2,21,0,4,2,211,1
1919,1,3,0,0,2,21,1,3,2,185,2
1920,8,1,0,0,5,24,0,4,0,45,2
1921,2,0,2,0,2,25,0,4,2,226,1
1922,4,0,2,0,0,31,0,4,2,32,1
1923,10,3,2,0,0,31,0,4,2,120,1
1924,1,1,0,0,2,13,0,4,2,125,3
1925,11,0,2,0,2,25,0,4,2,226,1
1926,5,4,3,0,2,25,0,4,0,193,3
1927,1,4,2,0,3,5,1,4,2,90,1
1928,0,4,0,0,2,25,1,1,2,197,2
1929,6,4,1,0,6,18,1,4,1,157,2
1930,0,0,2,0,2,25,0,4,2,226,1
1931,6,4,3,0,2,25,0,4,0,193,3
1932,6,4,2,0,4,26,0,4,2,102,2
1933,9,4,1,0,6,18,1,4,1,157,2
1934,6,1,1,0,6,12,0,4,0,79,3
1935,7,0,2,0,3,14,1,1,1,181,3
1936,10,0,0,0,6,7,0,4,2,167,2
1937,3,4,0,0,2,25,1,1,2,197,2
1938,0,4,2,0,3,5,1,4,2,90,1
1939,7,4,0,0,2,25,1,1,2,197,2
1940,0,4,2,0,4,26,0,4,2,102,2
1941,10,2,1,0,6,11,0,4,2,194,2
1942,10,2,0,0,5,24,0,4,2,105,2
1943,0,2,2,0,6,23,0,4,2,149,3
1944,11,1,0,0,5,24,0,4,0,45,2
1945,0,2,0,0,5,24,0,4,2,105,2
1946,11,1,2,0,2,25,0,4,2,212,1
1947,6,4,2,0,2,25,0,4,2,212,1
1948,7,1,0,0,5,28,0,4,2,81,1
1949,5,4,2,0,3,5,1,4,2,90,1
1950,5,3,1,0,2,2,1,1,0,163,1
1951,0,4,2,0,2,25,0,4,2,212,1
1952,0,1,0,0,6,32,0,4,2,145,1
1953,1,3,1,0,2,2,1,1,0,163,1
1954,8,1,1,0,6,12,0,4,0,79,3
1955,11,1,1,0,6,12,0,4,0,79,3
1956,0,2,1,0,6,11,0,4,2,194,2
1957,0,0,2,0,3,14,1,1,1,181,3
1958,0,2,0,0,6,18,0,4,0,160,2
1959,11,1,2,0,5,28,0,2,2,137,1
1960,5,4,0,0,2,21,0,4,2,211,1
1961,1,3,2,0,2,2,0,4,2,159,2
1962,0,0,0,0,6,7,0,4,2,167,2
1963,0,0,2,0,0,31,0,4,2,32,1
1964,10,2,0,0,6,18,0,4,0,160,2
1965,5,4,1,0,6,18,1,4,1,157,2
1966,5,4,2,0,2,25,0,4,2,212,1
1967,5,4,0,0,2,25,1,1,2,197,2
1968,0,1,0,0,2,13,0,4,2,125,3
1969,5,3,2,0,0,31,0,4,2,120,1
1970,10,0,2,0,3,14,1,1,1,181,3
1971,1,1,2,0,5,28,0,2,2,128,1
1972,1,4,0,0,2,21,0,4,2,211,1
1973,1,1,0,0,5,28,0,4,2,81,1
1974,1,4,1,0,6,18,1,4,1,157,2
1975,5,4,2,0,4,26,0,4,2,102,2
1976,5,3,0,0,2,21,1,3,2,185,2
1977,5,2,2,0,6,11,0,4,2,235,2
1978,4,1,2,0,5,8,1,4,2,363,2
1979,1,4,2,0,5,8,0,4,2,274,2
1980,2,1,0,0,5,8,0,4,2,311,2
1981,3,0,1,0,5,27,1,3,2,81,1
1982,1,4,3,0,6,12,0,4,2,287,2
1983,0,1,2,0,5,8,1,4,2,363,2
1984,0,4,0,0,5,27,1,3,2,81,1
1985,0,4,2,0,2,25,0,4,2,226,2
1986,2,3,0,0,6,22,0,4,2,269,2
1987,1,4,1,0,5,8,0,4,2,311,2
1988,4,1,0,0,6,11,0,4,2,290,2
1989,0,2,1,0,5,27,0,4,2,85,1
1990,2,1,2,0,5,8,1,4,2,363,2
1991,4,1,0,0,5,8,0,4,2,311,2
1992,2,3,2,0,2,17,0,4,2,236,1
1993,7,2,0,0,6,12,0,4,2,291,2
1994,2,1,1,0,2,25,0,4,2,226,2
1995,3,0,2,0,5,8,0,4,2,274,2
1996,6,0,2,0,5,8,0,4,2,274,2
1997,6,1,0,0,6,11,0,4,2,290,2
1998,0,1,1,0,2,25,0,4,2,226,2
1999,4,4,2,0,5,8,0,4,2,274,2
2000,1,2,2,0,5,27,0,4,2,32,1
2001,5,2,0,0,6,12,0,4,2,291,2
2002,3,0,0,0,5,27,0,4,2,253,1
2003,1,3,2,0,5,27,0,4,2,85,1
2004,3,3,2,0,2,17,0,4,2,236,1
2005,7,1,1,0,2,25,0,4,2,226,2
2006,0,1,0,0,5,8,0,4,2,311,2
2007,1,2,1,0,5,27,0,4,2,85,1
2008,4,4,0,0,5,27,0,4,2,253,1
2009,1,3,1,0,5,27,1,3,2,81,1
2010,0,4,1,0,5,8,0,4,2,311,2
2011,0,4,3,0,6,12,0,4,2,287,2
2012,5,4,2,0,5,8,0,4,2,274,2
2013,6,1,2,0,5,8,1,4,2,363,2
2014,0,2,0,0,6,12,0,4,2,291,2
2015,2,0,1,0,5,27,1,3,2,81,1
2016,2,4,1,0,5,8,0,4,2,311,2
2017,0,4,0,0,5,27,0,4,2,253,1
2018,0,4,2,0,5,8,0,4,2,274,2
2019,1,3,1,0,5,27,0,4,2,253,1
2020,3,1,1,0,2,25,0,4,2,226,2
2021,0,1,0,0,6,11,0,4,2,290,2
2022,4,4,1,0,5,8,0,4,2,311,2
2023,0,3,2,0,2,17,0,4,2,236,1
2024,2,4,2,0,5,8,0,4,2,274,2
2025,4,4,2,0,2,25,0,4,2,226,2
2026,4,3,2,0,2,17,0,4,2,236,1
2027,4,1,1,0,2,25,0,4,2,226,2
2028,4,3,2,0,5,27,0,4,2,85,1
2029,1,1,2,0,5,8,1,4,2,363,2
2030,1,1,1,0,2,25,0,4,2,226,2
2031,3,3,0,0,6,22,0,4,2,269,2
2032,10,2,0,0,6,12,0,4,2,291,2
2033,5,3,0,0,6,22,0,4,2,269,2
2034,5,3,1,0,5,27,0,4,2,253,1
2035,10,3,2,0,2,17,0,4,2,236,1
2036,4,3,1,0,5,27,0,4,2,253,1
2037,5,4,1,0,5,8,0,4,2,311,2
2038,6,1,0,0,5,8,0,4,2,311,2
2039,1,2,2,0,6,11,0,4,2,235,2
2040,2,0,2,0,5,8,0,4,2,274,2
2041,4,4,3,0,6,12,0,4,2,287,2
2042,4,0,0,0,5,27,0,4,2,253,1
2043,2,0,0,0,5,27,0,4,2,253,1
2044,0,0,1,0,5,27,1,3,2,81,1
2045,0,0,0,0,5,27,0,4,2,85,1
2046,2,4,2,0,2,25,0,4,2,226,2
2047,2,4,0,0,5,27,0,4,2,253,1
2048,4,3,0,0,6,22,0,4,2,269,2
2049,1,3,0,0,6,22,0,4,2,269,2
2050,3,1,2,0,5,8,1,4,2,363,2
2051,5,3,2,0,2,17,0,4,2,236,1
2052,0,2,2,0,6,11,0,4,2,235,2
2053,9,3,2,0,2,17,0,4,2,236,1
2054,8,1,0,0,6,11,0,4,2,290,2
2055,8,1,0,0,5,8,0,4,2,311,2
2056,4,0,2,0,5,8,0,4,2,274,2
2057,8,1,1,0,2,25,0,4,2,226,2
2058,6,3,1,0,5,27,0,4,2,253,1
2059,2,4,3,0,6,12,0,4,2,287,2
2060,4,4,0,0,5,27,1,3,2,81,1
2061,7,3,2,0,2,17,0,4,2,236,1
2062,2,2,1,0,5,27,0,4,2,85,1
2063,9,2,0,0,6,12,0,4,2,291,2
2064,7,4,2,0,5,8,0,4,2,274,2
2065,7,4,1,0,5,8,0,4,2,311,2
2066,0,3,1,0,5,27,1,3,2,81,1
2067,0,3,2,0,5,27,0,4,2,85,1
2068,5,0,2,0,5,8,0,4,2,274,2
2069,2,2,0,0,6,12,0,4,2,291,2
2070,11,1,0,0,6,11,0,4,2,290,2
2071,11,1,0,0,5,8,0,4,2,311,2
2072,11,1,1,0,2,25,0,4,2,226,2
2073,1,4,2,0,2,25,0,4,2,226,2
2074,1,4,0,0,5,27,0,4,2,253,1
2075,9,4,2,0,5,8,0,4,2,274,2
2076,9,4,2,0,2,25,0,4,2,226,2
2077,10,1,0,0,6,11,0,4,2,290,2
2078,10,1,0,0,5,8,0,4,2,311,2
2079,2,2,2,0,6,11,0,4,2,235,2
2080,3,1,0,0,5,8,0,4,2,311,2
2081,0,0,2,0,5,8,0,4,2,274,2
2082,0,0,0,0,5,27,0,4,2,253,1
2083,3,3,1,0,5,27,0,4,2,253,1
2084,3,3,1,0,5,27,1,3,2,81,1
2085,0,3,1,0,5,27,0,4,2,253,1
2086,1,1,0,0,6,11,0,4,2,290,2
2087,1,1,0,0,5,8,0,4,2,311,2
2088,7,0,2,0,5,8,0,4,2,274,2
2089,6,2,0,0,6,12,0,4,2,291,2
2090,2,3,1,0,5,27,0,4,2,253,1
2091,2,3,1,0,5,27,1,3,2,81,1
2092,2,3,2,0,5,27,0,4,2,85,1
2093,1,4,0,0,5,27,1,3,2,81,1
2094,1,4,1,0,5,27,0,4,2,32,1
2095,8,4,2,0,5,8,0,4,2,274,2
2096,1,2,0,0,6,12,0,4,2,291,2
2097,10,1,1,0,2,25,0,4,2,226,2
2098,11,2,0,0,6,12,0,4,2,291,2
2099,5,1,0,0,6,11,0,4,2,290,2
2100,5,1,0,0,5,8,0,4,2,311,2
2101,5,1,2,0,5,8,1,4,2,363,2
2102,5,1,1,0,2,25,0,4,2,226,2
2103,0,3,0,0,6,22,0,4,2,269,2
2104,1,3,2,0,2,17,0,4,2,236,1
2105,6,3,2,0,2,17,0,4,2,236,1
2106,3,4,3,0,6,12,0,4,2,287,2
2107,3,4,1,0,5,8,0,4,2,311,2
2108,3,4,2,0,5,8,0,4,2,274,2
2109,3,4,2,0,2,25,0,4,2,226,2
2110,3,4,0,0,5,27,0,4,2,253,1
2111,3,4,0,0,5,27,1,3,2,81,1
2112,1,0,2,0,5,8,0,4,2,274,2
2113,1,0,0,0,5,27,0,4,2,253,1
2114,1,0,1,0,5,27,1,3,2,81,1
2115,1,0,0,0,5,27,0,4,2,85,1
2116,8,4,1,0,5,8,0,4,2,311,2
2117,9,0,2,0,5,8,0,4,2,274,2
2118,8,2,2,0,6,11,0,4,2,235,2
2119,8,2,0,0,6,12,0,4,2,291,2
2120,2,4,0,0,5,27,1,3,2,81,1
2121,2,4,1,0,5,27,0,4,2,32,1
2122,3,1,0,0,6,11,0,4,2,290,2
2123,4,2,2,0,6,11,0,4,2,235,2
2124,4,2,0,0,6,12,0,4,2,291,2
2125,7,1,0,0,6,11,0,4,2,290,2
2126,7,1,0,0,5,8,0,4,2,311,2
2127,7,1,2,0,5,8,1,4,2,363,2
2128,10,4,2,0,2,25,0,4,2,226,2
2129,5,0,0,0,5,27,0,4,2,253,1
2130,6,4,1,0,5,8,0,4,2,311,2
2131,6,4,2,0,5,8,0,4,2,274,2
2132,8,3,2,0,2,17,0,4,2,236,1
2133,2,1,0,0,6,11,0,4,2,290,2
2134,3,2,2,0,6,11,0,4,2,235,2
2135,3,2,0,0,6,12,0,4,2,291,2
